xi,exact_norm_sq,K3,K5,K7,K9,K11,K13,K15,K17,K19,K21,K23,K25,K27,K29,K31,K33,K35,K37,K39,K41,K43,K45,K47,K49,K51,K53,K55,K57,K59,K61,K63,K65,K67,K69,K71,K73,K75,K77,K79,K81,K83,K85,K87,K89,K91,K93,K95,K97,K99,K101,K103,K105,K107,K109,K111,K113,K115,K117,K119,K121,K123,K125,K127,K129,K131,K133,K135,K137,K139,K141,K143,K145,K147,K149,K151,K153,K155,K157,K159,K161,K163,K165,K167,K169,K171,K173,K175,K177,K179,K181,K183,K185,K187,K189,K191,K193,K195,K197,K199,K201,K203,K205,K207,K209,K211,K213,K215,K217,K219,K221,K223,K225,K227,K229,K231,K233,K235,K237,K239,K241,K243,K245,K247,K249,K251,K253,K255,K257,K259,K261,K263,K265,K267,K269,K271,K273,K275,K277,K279,K281,K283,K285,K287,K289,K291,K293,K295,K297,K299,K301,K303,K305,K307,K309,K311,K313,K315,K317,K319,K321,K323,K325,K327,K329,K331,K333,K335,K337,K339,K341,K343,K345,K347,K349,K351,K353,K355,K357,K359,K361,K363,K365,K367,K369,K371,K373,K375,K377,K379,K381,K383,K385,K387,K389,K391,K393,K395,K397,K399,K401,K403,K405,K407,K409,K411,K413,K415,K417,K419,K421,K423,K425,K427,K429,K431,K433,K435,K437,K439,K441,K443,K445,K447,K449,K451,K453,K455,K457,K459,K461,K463,K465,K467,K469,K471,K473,K475,K477,K479,K481,K483,K485,K487,K489,K491,K493,K495,K497,K499
-0.9000000000,3.1079467399e+02,1.4909899941e+01,3.5328799562e+01,5.5628541622e+01,7.4307723121e+01,8.8097196575e+01,9.8168861265e+01,1.0634626725e+02,1.1373768868e+02,1.2146602439e+02,1.2891651485e+02,1.3613953456e+02,1.4329681975e+02,1.4987647248e+02,1.5583027833e+02,1.6181439982e+02,1.6727833438e+02,1.7183193870e+02,1.7634685733e+02,1.8079629696e+02,1.8503956522e+02,1.8914373364e+02,1.9312058782e+02,1.9710333894e+02,2.0098117534e+02,2.0492156187e+02,2.0854622471e+02,2.1222629292e+02,2.1547046205e+02,2.1885631155e+02,2.2198592331e+02,2.2481487961e+02,2.2798304977e+02,2.3110165453e+02,2.3400629019e+02,2.3708641160e+02,2.4003231864e+02,2.4261351320e+02,2.4509563193e+02,2.4747636671e+02,2.4985798057e+02,2.5199300869e+02,2.5405075127e+02,2.5592919193e+02,2.5757564928e+02,2.5932102889e+02,2.6104136642e+02,2.6251395399e+02,2.6390124044e+02,2.6534721290e+02,2.6655498890e+02,2.6758915666e+02,2.6866331404e+02,2.6985296889e+02,2.7094325477e+02,2.7203142403e+02,2.7303221201e+02,2.7399330872e+02,2.7494633900e+02,2.7591510670e+02,2.7678161767e+02,2.7763013707e+02,2.7842550905e+02,2.7916987984e+02,2.7986916650e+02,2.8047770637e+02,2.8107291358e+02,2.8160268027e+02,2.8210013132e+02,2.8258093128e+02,2.8307046178e+02,2.8356918209e+02,2.8399880069e+02,2.8440424257e+02,2.8476489025e+02,2.8509193728e+02,2.8541958771e+02,2.8569802218e+02,2.8596599204e+02,2.8626228938e+02,2.8655179554e+02,2.8682601551e+02,2.8705099118e+02,2.8726949323e+02,2.8745578270e+02,2.8767254511e+02,2.8788218997e+02,2.8808808371e+02,2.8829290275e+02,2.8850356583e+02,2.8869257382e+02,2.8885832365e+02,2.8904183196e+02,2.8921143020e+02,2.8938225747e+02,2.8955570147e+02,2.8973777489e+02,2.8991402977e+02,2.9008758923e+02,2.9026529628e+02,2.9044012496e+02,2.9060781663e+02,2.9077861794e+02,2.9093898929e+02,2.9110674746e+02,2.9128675420e+02,2.9145392507e+02,2.9161925548e+02,2.9179853042e+02,2.9198853292e+02,2.9216583138e+02,2.9236237178e+02,2.9255521407e+02,2.9274593522e+02,2.9292825483e+02,2.9313291251e+02,2.9334040164e+02,2.9356853286e+02,2.9380623927e+02,2.9404993664e+02,2.9427306429e+02,2.9449611255e+02,2.9473734630e+02,2.9498928014e+02,2.9526812176e+02,2.9553510145e+02,2.9580207862e+02,2.9610358903e+02,2.9640674376e+02,2.9671772080e+02,2.9700558078e+02,2.9729662464e+02,2.9757814549e+02,2.9786716009e+02,2.9814262390e+02,2.9847556145e+02,2.9879214616e+02,2.9908317723e+02,2.9935471644e+02,2.9963760317e+02,2.9988461817e+02,3.0017185828e+02,3.0044225219e+02,3.0070159832e+02,3.0095743558e+02,3.0118761629e+02,3.0141272519e+02,3.0163468900e+02,3.0184219834e+02,3.0203557160e+02,3.0223342364e+02,3.0243111594e+02,3.0262590581e+02,3.0282439015e+02,3.0301020391e+02,3.0318054452e+02,3.0335429774e+02,3.0352158051e+02,3.0367893500e+02,3.0382282538e+02,3.0397384217e+02,3.0412686418e+02,3.0427556276e+02,3.0442170981e+02,3.0455629707e+02,3.0468511951e+02,3.0480282114e+02,3.0491868950e+02,3.0502554172e+02,3.0513459046e+02,3.0523303881e+02,3.0532767372e+02,3.0541501670e+02,3.0549779465e+02,3.0557619959e+02,3.0565467102e+02,3.0572270173e+02,3.0578891853e+02,3.0584781453e+02,3.0590545554e+02,3.0596347860e+02,3.0601910399e+02,3.0607554236e+02,3.0612931401e+02,3.0618048059e+02,3.0623019039e+02,3.0627493139e+02,3.0631673728e+02,3.0635699503e+02,3.0639841809e+02,3.0643769885e+02,3.0647492090e+02,3.0651120007e+02,3.0654834749e+02,3.0658625874e+02,3.0662047712e+02,3.0665231235e+02,3.0668425647e+02,3.0671530337e+02,3.0674476002e+02,3.0677513355e+02,3.0680521788e+02,3.0683333193e+02,3.0686152944e+02,3.0688826319e+02,3.0691424689e+02,3.0693909720e+02,3.0696440925e+02,3.0698854269e+02,3.0701280112e+02,3.0703629173e+02,3.0705952642e+02,3.0708074661e+02,3.0710200789e+02,3.0712316233e+02,3.0714485576e+02,3.0716389995e+02,3.0718108072e+02,3.0719894599e+02,3.0721605547e+02,3.0723251984e+02,3.0724906270e+02,3.0726518476e+02,3.0728183784e+02,3.0729691498e+02,3.0731074473e+02,3.0732378027e+02,3.0733765208e+02,3.0735144079e+02,3.0736603994e+02,3.0738050018e+02,3.0739372691e+02,3.0740654447e+02,3.0741943670e+02,3.0743130605e+02,3.0744267881e+02,3.0745490990e+02,3.0746716150e+02,3.0747926858e+02,3.0749121862e+02,3.0750268144e+02,3.0751399876e+02,3.0752433655e+02,3.0753325593e+02,3.0754294204e+02,3.0755266972e+02,3.0756245396e+02,3.0757209664e+02,3.0758132187e+02,3.0759062133e+02
-0.8915254237,3.1898823712e+02,1.5384490331e+01,3.6484180769e+01,5.7493215000e+01,7.6805608308e+01,9.1066229679e+01,1.0149016383e+02,1.0994578204e+02,1.1757313069e+02,1.2553047622e+02,1.3320075443e+02,1.4063766647e+02,1.4800676971e+02,1.5478466504e+02,1.6090694025e+02,1.6707104436e+02,1.7270729330e+02,1.7740152502e+02,1.8205311571e+02,1.8664797086e+02,1.9101574250e+02,1.9523446447e+02,1.9932397219e+02,2.0341731737e+02,2.0739204948e+02,2.1142916782e+02,2.1514513056e+02,2.1890922066e+02,2.2220284411e+02,2.2565101990e+02,2.2884640274e+02,2.3178937178e+02,2.3504034285e+02,2.3823551525e+02,2.4121634447e+02,2.4436718760e+02,2.4738899977e+02,2.5004341838e+02,2.5257878174e+02,2.5500181839e+02,2.5742897964e+02,2.5958111915e+02,2.6163444901e+02,2.6351918134e+02,2.6527931569e+02,2.6707869007e+02,2.6882438554e+02,2.7032699248e+02,2.7174445118e+02,2.7321614105e+02,2.7442733452e+02,2.7548153290e+02,2.7659930504e+02,2.7782083956e+02,2.7894004110e+02,2.8005031581e+02,2.8107233839e+02,2.8205767279e+02,2.8303104460e+02,2.8402046407e+02,2.8490387517e+02,2.8577259869e+02,2.8658552919e+02,2.8734431307e+02,2.8806072866e+02,2.8868834664e+02,2.8929840086e+02,2.8984049091e+02,2.9035143388e+02,2.9083923761e+02,2.9134080727e+02,2.9185005988e+02,2.9228861624e+02,2.9270626825e+02,2.9307575369e+02,2.9341249065e+02,2.9374860342e+02,2.9403316219e+02,2.9431311550e+02,2.9462200915e+02,2.9492162167e+02,2.9520202026e+02,2.9543457343e+02,2.9565958491e+02,2.9585349391e+02,2.9607924164e+02,2.9629446790e+02,2.9650710536e+02,2.9671911148e+02,2.9693507223e+02,2.9712599863e+02,2.9730244116e+02,2.9749594852e+02,2.9766745897e+02,2.9784241084e+02,2.9802320940e+02,2.9821542584e+02,2.9839992433e+02,2.9857911382e+02,2.9876285237e+02,2.9894032936e+02,2.9911029489e+02,2.9928499493e+02,2.9945138447e+02,2.9963330918e+02,2.9982205473e+02,2.9999619770e+02,3.0016776388e+02,3.0035389476e+02,3.0054993772e+02,3.0073251978e+02,3.0093479102e+02,3.0112560457e+02,3.0131672177e+02,3.0151056214e+02,3.0172395098e+02,3.0193654824e+02,3.0217264306e+02,3.0241445484e+02,3.0266197918e+02,3.0289372236e+02,3.0312093694e+02,3.0335659318e+02,3.0360515288e+02,3.0388237282e+02,3.0414620069e+02,3.0441192680e+02,3.0471676465e+02,3.0501878685e+02,3.0531698592e+02,3.0559071387e+02,3.0587245458e+02,3.0614720268e+02,3.0643467254e+02,3.0671426432e+02,3.0704033134e+02,3.0734582623e+02,3.0762436609e+02,3.0788257236e+02,3.0815068158e+02,3.0839684614e+02,3.0867993464e+02,3.0893904632e+02,3.0918586691e+02,3.0943265633e+02,3.0965604053e+02,3.0986881494e+02,3.1007111479e+02,3.1026514820e+02,3.1045813368e+02,3.1065677656e+02,3.1084906681e+02,3.1103686959e+02,3.1122532398e+02,3.1139963954e+02,3.1155366527e+02,3.1170890154e+02,3.1185676372e+02,3.1200097887e+02,3.1215045620e+02,3.1230026876e+02,3.1244362019e+02,3.1258224449e+02,3.1271785515e+02,3.1283948839e+02,3.1295688779e+02,3.1306681931e+02,3.1317389740e+02,3.1327068314e+02,3.1336755395e+02,3.1345318159e+02,3.1353436343e+02,3.1360935629e+02,3.1368665415e+02,3.1376105326e+02,3.1383279816e+02,3.1389530732e+02,3.1395722251e+02,3.1401116353e+02,3.1406401946e+02,3.1411787965e+02,3.1416831862e+02,3.1421826456e+02,3.1426584987e+02,3.1431128989e+02,3.1435585542e+02,3.1439540588e+02,3.1443303903e+02,3.1446966442e+02,3.1450665863e+02,3.1454224500e+02,3.1457632497e+02,3.1460965162e+02,3.1464297153e+02,3.1467496180e+02,3.1470607115e+02,3.1473664948e+02,3.1476689304e+02,3.1479587023e+02,3.1482363093e+02,3.1485209674e+02,3.1487948240e+02,3.1490457709e+02,3.1493114513e+02,3.1495670224e+02,3.1498182708e+02,3.1500510713e+02,3.1502881987e+02,3.1505080752e+02,3.1507230578e+02,3.1509388509e+02,3.1511552590e+02,3.1513643377e+02,3.1515805212e+02,3.1517888090e+02,3.1520003608e+02,3.1521874036e+02,3.1523466316e+02,3.1525170847e+02,3.1526904403e+02,3.1528551858e+02,3.1530181348e+02,3.1531740505e+02,3.1533311625e+02,3.1534767066e+02,3.1536176195e+02,3.1537510741e+02,3.1538880373e+02,3.1540244616e+02,3.1541697521e+02,3.1543159449e+02,3.1544528171e+02,3.1545893253e+02,3.1547256944e+02,3.1548464274e+02,3.1549641492e+02,3.1550939245e+02,3.1552222485e+02,3.1553450706e+02,3.1554627442e+02,3.1555772579e+02,3.1556938947e+02,3.1558087444e+02,3.1559138849e+02,3.1560111538e+02,3.1561143981e+02,3.1562287172e+02,3.1563421466e+02,3.1564492287e+02,3.1565491638e+02
-0.8830508475,3.2739385039e+02,1.5877286086e+01,3.7685350969e+01,5.9434053768e+01,7.9406053580e+01,9.4158219692e+01,1.0495079292e+02,1.1369762202e+02,1.2157132108e+02,1.2976668259e+02,1.3766499755e+02,1.4532359263e+02,1.5291152905e+02,1.5989433315e+02,1.6619024902e+02,1.7254003434e+02,1.7835467342e+02,1.8319459415e+02,1.8798722620e+02,1.9273219628e+02,1.9722814221e+02,2.0156429563e+02,2.0576924236e+02,2.0997554363e+02,2.1404861241e+02,2.1818308102e+02,2.2199148632e+02,2.2583814891e+02,2.2918094562e+02,2.3269572946e+02,2.3596664724e+02,2.3902054434e+02,2.4235017980e+02,2.4562046962e+02,2.4867746506e+02,2.5189893551e+02,2.5499677899e+02,2.5772547283e+02,2.6031496907e+02,2.6277892518e+02,2.6524715880e+02,2.6741051656e+02,2.6946610559e+02,2.7139108795e+02,2.7325643464e+02,2.7509790361e+02,2.7686714724e+02,2.7840029036e+02,2.7984759173e+02,2.8134294395e+02,2.8255592282e+02,2.8363795352e+02,2.8479980133e+02,2.8605386201e+02,2.8720340509e+02,2.8833581321e+02,2.8937841223e+02,2.9038750055e+02,2.9138083621e+02,2.9239123420e+02,2.9329254658e+02,2.9418182328e+02,2.9501339118e+02,2.9578813319e+02,2.9652295870e+02,2.9717061317e+02,2.9779662840e+02,2.9835275775e+02,2.9887829040e+02,2.9937257874e+02,2.9988610210e+02,3.0040607960e+02,3.0085469692e+02,3.0128534353e+02,3.0166392023e+02,3.0201081278e+02,3.0235580294e+02,3.0264776669e+02,3.0294033328e+02,3.0326171347e+02,3.0357154830e+02,3.0385942008e+02,3.0410155271e+02,3.0433416364e+02,3.0453531837e+02,3.0476897790e+02,3.0498980663e+02,3.0521037815e+02,3.0543002590e+02,3.0565210586e+02,3.0584695123e+02,3.0603244063e+02,3.0623355645e+02,3.0640808663e+02,3.0658938064e+02,3.0677789866e+02,3.0697907059e+02,3.0717018209e+02,3.0735381489e+02,3.0754206456e+02,3.0772003568e+02,3.0789365639e+02,3.0807563627e+02,3.0825013974e+02,3.0844261656e+02,3.0863835665e+02,3.0881834444e+02,3.0899488909e+02,3.0918629341e+02,3.0938699198e+02,3.0957396402e+02,3.0978017938e+02,3.0996785835e+02,3.1016392279e+02,3.1036725283e+02,3.1058612820e+02,3.1080200754e+02,3.1104305218e+02,3.1128541371e+02,3.1153328441e+02,3.1177056857e+02,3.1200462698e+02,3.1223637589e+02,3.1247669572e+02,3.1274762205e+02,3.1300602792e+02,3.1326981143e+02,3.1357371516e+02,3.1387101779e+02,3.1415508663e+02,3.1441665413e+02,3.1469146980e+02,3.1496261755e+02,3.1524550897e+02,3.1551815362e+02,3.1582996831e+02,3.1612113067e+02,3.1638795604e+02,3.1663516754e+02,3.1688739049e+02,3.1712835030e+02,3.1740479102e+02,3.1765244825e+02,3.1788439415e+02,3.1811765248e+02,3.1832971621e+02,3.1853047176e+02,3.1871909069e+02,3.1890826494e+02,3.1909819742e+02,3.1928958090e+02,3.1947203178e+02,3.1964853632e+02,3.1982164226e+02,3.1997571457e+02,3.2011436257e+02,3.2026385420e+02,3.2041134133e+02,3.2055400816e+02,3.2069262307e+02,3.2082885933e+02,3.2095804028e+02,3.2108370022e+02,3.2120629889e+02,3.2131496051e+02,3.2142268573e+02,3.2152371141e+02,3.2161824880e+02,3.2170110949e+02,3.2178446800e+02,3.2186298699e+02,3.2193987651e+02,3.2201110438e+02,3.2208244078e+02,3.2214954110e+02,3.2221340448e+02,3.2226974053e+02,3.2232546253e+02,3.2237336333e+02,3.2242011846e+02,3.2246877797e+02,3.2251440937e+02,3.2255905749e+02,3.2260138014e+02,3.2264141727e+02,3.2268018691e+02,3.2271472559e+02,3.2274914377e+02,3.2278342199e+02,3.2281729704e+02,3.2284934566e+02,3.2287971135e+02,3.2290961869e+02,3.2293981835e+02,3.2296927260e+02,3.2299848979e+02,3.2302595561e+02,3.2305271210e+02,3.2307862271e+02,3.2310418186e+02,3.2313062548e+02,3.2315613241e+02,3.2317927199e+02,3.2320352835e+02,3.2322662638e+02,3.2324983289e+02,3.2327111391e+02,3.2329295716e+02,3.2331472679e+02,3.2333607870e+02,3.2335771924e+02,3.2337907713e+02,3.2339881822e+02,3.2341826677e+02,3.2343690344e+02,3.2345527942e+02,3.2347237039e+02,3.2348895029e+02,3.2350705418e+02,3.2352416216e+02,3.2353928263e+02,3.2355473710e+02,3.2357016780e+02,3.2358552706e+02,3.2360027634e+02,3.2361513686e+02,3.2362903074e+02,3.2364258445e+02,3.2365594487e+02,3.2367054037e+02,3.2368552824e+02,3.2369979127e+02,3.2371421920e+02,3.2372852811e+02,3.2374101609e+02,3.2375304225e+02,3.2376649159e+02,3.2377971223e+02,3.2379196162e+02,3.2380411483e+02,3.2381675868e+02,3.2382964320e+02,3.2384181771e+02,3.2385246977e+02,3.2386341317e+02,3.2387550554e+02,3.2388797339e+02,3.2389992696e+02,3.2391159224e+02,3.2392258452e+02
-0.8745762712,3.3602146013e+02,1.6389089268e+01,3.8934394035e+01,6.1454651959e+01,8.2113947231e+01,9.7379124582e+01,1.0855765545e+02,1.1760947894e+02,1.2574057725e+02,1.3418347930e+02,1.4231852794e+02,1.5020700282e+02,1.5802108225e+02,1.6521571680e+02,1.7169064041e+02,1.7823202183e+02,1.8423137407e+02,1.8922225884e+02,1.9416044433e+02,1.9906031593e+02,2.0368818973e+02,2.0814471002e+02,2.1246792011e+02,2.1678951514e+02,2.2096226885e+02,2.2519455837e+02,2.2909644000e+02,2.3302382970e+02,2.3641665994e+02,2.4000332866e+02,2.4335743742e+02,2.4651810941e+02,2.4992294331e+02,2.5326688915e+02,2.5639973644e+02,2.5969140567e+02,2.6286483272e+02,2.6566830765e+02,2.6831253584e+02,2.7081555600e+02,2.7331962199e+02,2.7549177872e+02,2.7756618181e+02,2.7955202269e+02,2.8150800500e+02,2.8338531009e+02,2.8517810492e+02,2.8674213355e+02,2.8821869484e+02,2.8973520562e+02,2.9094953019e+02,2.9206712080e+02,2.9327254000e+02,2.9455987107e+02,2.9574136158e+02,2.9689645107e+02,2.9795864505e+02,2.9899048170e+02,3.0000319398e+02,3.0103475709e+02,3.0195485807e+02,3.0286481164e+02,3.0371596324e+02,3.0450798224e+02,3.0526217658e+02,3.0593073850e+02,3.0657398840e+02,3.0714610125e+02,3.0768764796e+02,3.0818745938e+02,3.0871226475e+02,3.0924296306e+02,3.0970261407e+02,3.1014683494e+02,3.1053461956e+02,3.1089199084e+02,3.1124626017e+02,3.1154674924e+02,3.1185217766e+02,3.1218572539e+02,3.1250573652e+02,3.1280237830e+02,3.1305579767e+02,3.1329742758e+02,3.1350483774e+02,3.1374524405e+02,3.1397172943e+02,3.1420102518e+02,3.1442848457e+02,3.1465728842e+02,3.1485646999e+02,3.1504884701e+02,3.1525651495e+02,3.1543495837e+02,3.1562293236e+02,3.1581869455e+02,3.1602805384e+02,3.1622484796e+02,3.1641175897e+02,3.1660254740e+02,3.1677998349e+02,3.1696050922e+02,3.1715116874e+02,3.1733267394e+02,3.1753265090e+02,3.1773422901e+02,3.1791928381e+02,3.1809964986e+02,3.1829458645e+02,3.1849840604e+02,3.1868863277e+02,3.1889713139e+02,3.1908196242e+02,3.1928390020e+02,3.1949362186e+02,3.1971611963e+02,3.1993380734e+02,3.2017701597e+02,3.2041683146e+02,3.2066209857e+02,3.2090074760e+02,3.2114031448e+02,3.2137393777e+02,3.2160530647e+02,3.2186625248e+02,3.2211681672e+02,3.2237587655e+02,3.2267412320e+02,3.2296492284e+02,3.2324038446e+02,3.2349165319e+02,3.2375413035e+02,3.2401880197e+02,3.2429489329e+02,3.2455481748e+02,3.2484690805e+02,3.2512026727e+02,3.2537599688e+02,3.2561639762e+02,3.2585067532e+02,3.2607918913e+02,3.2634449438e+02,3.2658078977e+02,3.2680070621e+02,3.2702014682e+02,3.2721817587e+02,3.2740626608e+02,3.2758544854e+02,3.2776833457e+02,3.2794862324e+02,3.2812719558e+02,3.2829548542e+02,3.2845752563e+02,3.2861171837e+02,3.2874845513e+02,3.2888688687e+02,3.2903207916e+02,3.2917254477e+02,3.2930745972e+02,3.2943471396e+02,3.2955717568e+02,3.2967160159e+02,3.2978361088e+02,3.2989211287e+02,3.2998907200e+02,3.3008807989e+02,3.3017875387e+02,3.3025901179e+02,3.3033363857e+02,3.3041261805e+02,3.3048586742e+02,3.3055617743e+02,3.3062120232e+02,3.3068369117e+02,3.3074283414e+02,3.3079854771e+02,3.3084812903e+02,3.3089804965e+02,3.3094199269e+02,3.3098355997e+02,3.3102633854e+02,3.3106624952e+02,3.3110484195e+02,3.3114173168e+02,3.3117741042e+02,3.3121247513e+02,3.3124357915e+02,3.3127421472e+02,3.3130523965e+02,3.3133579361e+02,3.3136551452e+02,3.3139368924e+02,3.3142092706e+02,3.3144818700e+02,3.3147484438e+02,3.3150165888e+02,3.3152646078e+02,3.3155072446e+02,3.3157435386e+02,3.3159795174e+02,3.3162216999e+02,3.3164567453e+02,3.3166671473e+02,3.3168876742e+02,3.3171004252e+02,3.3173190483e+02,3.3175173213e+02,3.3177188117e+02,3.3179251963e+02,3.3181257263e+02,3.3183287419e+02,3.3185231741e+02,3.3187024428e+02,3.3188895519e+02,3.3190680680e+02,3.3192406545e+02,3.3194142540e+02,3.3195798021e+02,3.3197561834e+02,3.3199204892e+02,3.3200663148e+02,3.3202202733e+02,3.3203738784e+02,3.3205231472e+02,3.3206712937e+02,3.3208236610e+02,3.3209669680e+02,3.3211071836e+02,3.3212416284e+02,3.3213869831e+02,3.3215389758e+02,3.3216854638e+02,3.3218345411e+02,3.3219822044e+02,3.3221138784e+02,3.3222360076e+02,3.3223715621e+02,3.3225057929e+02,3.3226309778e+02,3.3227616264e+02,3.3228993160e+02,3.3230366581e+02,3.3231633673e+02,3.3232783907e+02,3.3234015088e+02,3.3235333186e+02,3.3236655352e+02,3.3237915609e+02,3.3239198672e+02,3.3240397009e+02
-0.8661016949,3.4488147583e+02,1.6920740922e+01,4.0233497243e+01,6.3558789562e+01,8.4934435108e+01,1.0073522489e+02,1.1231804571e+02,1.2168948900e+02,1.3008970868e+02,1.3879023683e+02,1.4717120128e+02,1.5529819284e+02,1.6334604348e+02,1.7075970347e+02,1.7741921447e+02,1.8415834300e+02,1.9034899673e+02,1.9549634712e+02,2.0058474905e+02,2.0564439600e+02,2.1040803919e+02,2.1498792666e+02,2.1943226874e+02,2.2387146925e+02,2.2814515736e+02,2.3247558691e+02,2.3647186979e+02,2.4047780942e+02,2.4392290428e+02,2.4758717969e+02,2.5102994330e+02,2.5429281844e+02,2.5776985741e+02,2.6118589593e+02,2.6439393297e+02,2.6775498522e+02,2.7100287194e+02,2.7388087867e+02,2.7657984934e+02,2.7911942257e+02,2.8165414322e+02,2.8383878422e+02,2.8595208748e+02,2.8800578584e+02,2.9003940162e+02,2.9194962104e+02,2.9376706733e+02,2.9536180601e+02,2.9686644410e+02,2.9840094632e+02,2.9961792731e+02,3.0077783960e+02,3.0202555122e+02,3.0334678782e+02,3.0456208748e+02,3.0574132116e+02,3.0682197465e+02,3.0787480057e+02,3.0890594435e+02,3.0995870587e+02,3.1089830722e+02,3.1182869953e+02,3.1270008528e+02,3.1351036498e+02,3.1428451985e+02,3.1497473936e+02,3.1563658531e+02,3.1622694731e+02,3.1678676201e+02,3.1729069189e+02,3.1782505929e+02,3.1836612967e+02,3.1883752026e+02,3.1929568189e+02,3.1969265847e+02,3.2006061169e+02,3.2042449235e+02,3.2073441512e+02,3.2105254835e+02,3.2139764672e+02,3.2172754179e+02,3.2203399185e+02,3.2230009194e+02,3.2255320269e+02,3.2276546274e+02,3.2301071058e+02,3.2324249172e+02,3.2348066673e+02,3.2371579840e+02,3.2395180400e+02,3.2415521815e+02,3.2435205944e+02,3.2456575581e+02,3.2474921583e+02,3.2494327333e+02,3.2514521312e+02,3.2536179843e+02,3.2556331876e+02,3.2575193379e+02,3.2594304366e+02,3.2612131472e+02,3.2631122389e+02,3.2651015067e+02,3.2669712933e+02,3.2690172935e+02,3.2710790427e+02,3.2729735646e+02,3.2748060580e+02,3.2767710124e+02,3.2788228582e+02,3.2807429823e+02,3.2828369313e+02,3.2846641768e+02,3.2867260603e+02,3.2888580085e+02,3.2911011419e+02,3.2932806038e+02,3.2957108299e+02,3.2980609085e+02,3.3004670183e+02,3.3028265378e+02,3.3052107701e+02,3.3075370700e+02,3.3098019682e+02,3.3123272213e+02,3.3147620092e+02,3.3172838171e+02,3.3201706108e+02,3.3230125502e+02,3.3258443393e+02,3.3285628399e+02,3.3311681819e+02,3.3336763003e+02,3.3363396602e+02,3.3387173928e+02,3.3411287893e+02,3.3435878366e+02,3.3460253413e+02,3.3484792255e+02,3.3509436986e+02,3.3529144144e+02,3.3551215073e+02,3.3572386531e+02,3.3593106716e+02,3.3614072466e+02,3.3632811595e+02,3.3650089955e+02,3.3666825311e+02,3.3684543078e+02,3.3701726959e+02,3.3718045431e+02,3.3732970836e+02,3.3747447830e+02,3.3761577556e+02,3.3774463603e+02,3.3787489999e+02,3.3800773576e+02,3.3813513835e+02,3.3825786822e+02,3.3837604908e+02,3.3848685257e+02,3.3858778690e+02,3.3868736212e+02,3.3878282434e+02,3.3887093469e+02,3.3896049886e+02,3.3904000291e+02,3.3911149580e+02,3.3918173346e+02,3.3925170635e+02,3.3931521061e+02,3.3937797854e+02,3.3943631397e+02,3.3949359639e+02,3.3954660377e+02,3.3959437020e+02,3.3963836746e+02,3.3968284188e+02,3.3972211627e+02,3.3975933642e+02,3.3979736953e+02,3.3983259714e+02,3.3986672538e+02,3.3989932422e+02,3.3993092987e+02,3.3996214250e+02,3.3999058201e+02,3.4001869134e+02,3.4004646830e+02,3.4007342073e+02,3.4010101844e+02,3.4012724746e+02,3.4015294559e+02,3.4017902985e+02,3.4020434425e+02,3.4022864116e+02,3.4025009243e+02,3.4027128584e+02,3.4029232066e+02,3.4031412713e+02,3.4033673581e+02,3.4035882668e+02,3.4037787967e+02,3.4039758719e+02,3.4041710903e+02,3.4043766053e+02,3.4045648368e+02,3.4047542649e+02,3.4049507705e+02,3.4051412302e+02,3.4053351238e+02,3.4055210919e+02,3.4056888884e+02,3.4058632183e+02,3.4060332537e+02,3.4061971994e+02,3.4063669655e+02,3.4065259440e+02,3.4066945797e+02,3.4068551789e+02,3.4070032995e+02,3.4071554836e+02,3.4073048024e+02,3.4074514961e+02,3.4075994246e+02,3.4077516263e+02,3.4078957151e+02,3.4080454356e+02,3.4081939384e+02,3.4083343738e+02,3.4084764478e+02,3.4086239403e+02,3.4087792378e+02,3.4089325597e+02,3.4090715776e+02,3.4091988279e+02,3.4093345258e+02,3.4094686982e+02,3.4095976902e+02,3.4097374137e+02,3.4098851142e+02,3.4100303325e+02,3.4101664099e+02,3.4102931617e+02,3.4104224809e+02,3.4105595273e+02,3.4106997985e+02,3.4108347243e+02,3.4109725472e+02,3.4111008026e+02
-0.8576271186,3.5398466339e+02,1.7473123075e+01,4.1584956490e+01,6.5750442331e+01,8.7872934645e+01,1.0423314212e+02,1.1623966866e+02,1.2594626095e+02,1.3462804921e+02,1.4359689688e+02,1.5223348574e+02,1.6060810877e+02,1.6889770418e+02,1.7653787832e+02,1.8338778852e+02,1.9033107453e+02,1.9671990410e+02,2.0202946308e+02,2.0727290479e+02,2.1249728960e+02,2.1740063893e+02,2.2210696830e+02,2.2667536264e+02,2.3123445451e+02,2.3561022341e+02,2.4003896012e+02,2.4413046741e+02,2.4821255142e+02,2.5171363106e+02,2.5546111770e+02,2.5899600937e+02,2.6235646765e+02,2.6590303952e+02,2.6938944414e+02,2.7267161142e+02,2.7610079825e+02,2.7942125872e+02,2.8237259059e+02,2.8512538332e+02,2.8769820755e+02,2.9025994709e+02,2.9246773196e+02,2.9463675329e+02,2.9675697251e+02,2.9885854537e+02,3.0080092416e+02,3.0264520403e+02,3.0426980590e+02,3.0580027889e+02,3.0734875100e+02,3.0857192258e+02,3.0977919309e+02,3.1106724831e+02,3.1242256573e+02,3.1367364692e+02,3.1487985173e+02,3.1597830414e+02,3.1704947844e+02,3.1809758839e+02,3.1917150685e+02,3.2013106083e+02,3.2108099879e+02,3.2197268767e+02,3.2280174463e+02,3.2359602104e+02,3.2430844208e+02,3.2499016459e+02,3.2560133311e+02,3.2618347703e+02,3.2669038764e+02,3.2723053217e+02,3.2778091924e+02,3.2826428275e+02,3.2873650256e+02,3.2914252885e+02,3.2952085611e+02,3.2989457483e+02,3.3021459842e+02,3.3054478294e+02,3.3090042354e+02,3.3123958966e+02,3.3155641102e+02,3.3183605850e+02,3.3210464847e+02,3.3232136526e+02,3.3256782584e+02,3.3280343647e+02,3.3304982843e+02,3.3329206891e+02,3.3353557264e+02,3.3374321490e+02,3.3394180006e+02,3.3416153169e+02,3.3435183455e+02,3.3455063091e+02,3.3475663282e+02,3.3497884196e+02,3.3518381615e+02,3.3537209010e+02,3.3556230304e+02,3.3574482529e+02,3.3594406041e+02,3.3615053131e+02,3.3634262198e+02,3.3654875192e+02,3.3675773325e+02,3.3695074296e+02,3.3713655456e+02,3.3733245024e+02,3.3753674971e+02,3.3772840013e+02,3.3793753425e+02,3.3811896713e+02,3.3832652421e+02,3.3854049412e+02,3.3876451324e+02,3.3898090851e+02,3.3922177759e+02,3.3945069359e+02,3.3968562005e+02,3.3991572993e+02,3.4014594728e+02,3.4036729163e+02,3.4058712537e+02,3.4083360847e+02,3.4107453069e+02,3.4132160878e+02,3.4159689246e+02,3.4186491228e+02,3.4211460597e+02,3.4234379502e+02,3.4258031246e+02,3.4282683549e+02,3.4309040413e+02,3.4333367039e+02,3.4358472484e+02,3.4381830326e+02,3.4404172582e+02,3.4426566011e+02,3.4448434408e+02,3.4467147962e+02,3.4488745721e+02,3.4508632187e+02,3.4528197020e+02,3.4547979862e+02,3.4565749656e+02,3.4581740808e+02,3.4597032011e+02,3.4613710857e+02,3.4629869636e+02,3.4644916355e+02,3.4658295503e+02,3.4671272152e+02,3.4684350866e+02,3.4696474261e+02,3.4708289566e+02,3.4720181982e+02,3.4731542267e+02,3.4742522372e+02,3.4753257909e+02,3.4763146925e+02,3.4772105304e+02,3.4780909500e+02,3.4789290030e+02,3.4797302221e+02,3.4805316595e+02,3.4812363393e+02,3.4818674612e+02,3.4825006625e+02,3.4831292592e+02,3.4836917860e+02,3.4842461666e+02,3.4847582901e+02,3.4852586078e+02,3.4857239247e+02,3.4861430324e+02,3.4865394152e+02,3.4869297441e+02,3.4872733544e+02,3.4876024691e+02,3.4879404908e+02,3.4882572957e+02,3.4885656419e+02,3.4888541622e+02,3.4891344221e+02,3.4894141487e+02,3.4896754732e+02,3.4899314527e+02,3.4901855647e+02,3.4904328500e+02,3.4906867178e+02,3.4909234031e+02,3.4911614261e+02,3.4914051057e+02,3.4916366177e+02,3.4918559455e+02,3.4920515848e+02,3.4922457923e+02,3.4924362193e+02,3.4926383016e+02,3.4928456506e+02,3.4930462851e+02,3.4932209157e+02,3.4934030760e+02,3.4935833969e+02,3.4937755725e+02,3.4939531885e+02,3.4941317086e+02,3.4943207295e+02,3.4944986100e+02,3.4946797219e+02,3.4948590793e+02,3.4950262968e+02,3.4951994653e+02,3.4953684691e+02,3.4955293330e+02,3.4956883043e+02,3.4958341434e+02,3.4959946717e+02,3.4961546435e+02,3.4963090849e+02,3.4964685191e+02,3.4966180059e+02,3.4967631919e+02,3.4969062730e+02,3.4970553276e+02,3.4971983567e+02,3.4973525959e+02,3.4975117874e+02,3.4976660662e+02,3.4978081158e+02,3.4979454546e+02,3.4980995642e+02,3.4982559808e+02,3.4984007141e+02,3.4985375737e+02,3.4986809279e+02,3.4988192237e+02,3.4989487517e+02,3.4990924563e+02,3.4992480457e+02,3.4993999788e+02,3.4995453640e+02,3.4996859821e+02,3.4998220479e+02,3.4999630152e+02,3.5001104073e+02,3.5002523354e+02,3.5003961120e+02,3.5005345524e+02
-0.8491525424,3.6334213320e+02,1.8047160842e+01,4.2991181742e+01,6.8033792050e+01,9.0935149563e+01,1.0787985805e+02,1.2033066463e+02,1.3038890586e+02,1.3936549155e+02,1.4861401163e+02,1.5751650562e+02,1.6614839483e+02,1.7468808443e+02,1.8256257875e+02,1.8960895491e+02,1.9676309523e+02,2.0335728489e+02,2.0883505357e+02,2.1423852995e+02,2.1963270704e+02,2.2467980436e+02,2.2951573696e+02,2.3421116523e+02,2.3889241083e+02,2.4337130193e+02,2.4789836470e+02,2.5208583372e+02,2.5624157102e+02,2.5980382221e+02,2.6363952856e+02,2.6726837662e+02,2.7072193696e+02,2.7433557986e+02,2.7789041973e+02,2.8124522015e+02,2.8474082524e+02,2.8813115698e+02,2.9115351046e+02,2.9395802640e+02,2.9656015284e+02,2.9914862782e+02,3.0139505168e+02,3.0362951098e+02,3.0581160218e+02,3.0797476868e+02,3.0995026009e+02,3.1182509381e+02,3.1347824228e+02,3.1503060434e+02,3.1658800450e+02,3.1782349553e+02,3.1908089138e+02,3.2040661528e+02,3.2179524659e+02,3.2308363291e+02,3.2432100109e+02,3.2543845478e+02,3.2652491652e+02,3.2758799736e+02,3.2868340455e+02,3.2966308600e+02,3.3063029579e+02,3.3154111182e+02,3.3238874891e+02,3.3320275942e+02,3.3393755373e+02,3.3463997828e+02,3.3527417063e+02,3.3588552467e+02,3.3639840024e+02,3.3693653160e+02,3.3749338364e+02,3.3798792787e+02,3.3847394294e+02,3.3888880503e+02,3.3927687117e+02,3.3966060738e+02,3.3999114513e+02,3.4033189428e+02,3.4069652286e+02,3.4104396894e+02,3.4137110788e+02,3.4166414046e+02,3.4195258028e+02,3.4217987183e+02,3.4242178524e+02,3.4265634066e+02,3.4290847532e+02,3.4315646599e+02,3.4340702594e+02,3.4361894468e+02,3.4381713127e+02,3.4404356472e+02,3.4424365642e+02,3.4444614961e+02,3.4465226007e+02,3.4487701536e+02,3.4508342865e+02,3.4526956137e+02,3.4546033805e+02,3.4564964871e+02,3.4585562099e+02,3.4606870879e+02,3.4626828355e+02,3.4647484863e+02,3.4668523912e+02,3.4688089887e+02,3.4707110056e+02,3.4726445689e+02,3.4746383020e+02,3.4764936824e+02,3.4785627847e+02,3.4803872345e+02,3.4824417867e+02,3.4845608026e+02,3.4867775687e+02,3.4889059178e+02,3.4912707722e+02,3.4934889694e+02,3.4957757343e+02,3.4979958099e+02,3.5001763643e+02,3.5022638312e+02,3.5044190535e+02,3.5068385572e+02,3.5092176715e+02,3.5116035194e+02,3.5141789703e+02,3.5166710343e+02,3.5189357499e+02,3.5211406038e+02,3.5234243830e+02,3.5257645156e+02,3.5282533830e+02,3.5305955645e+02,3.5329975905e+02,3.5352721669e+02,3.5374092527e+02,3.5394266356e+02,3.5414389634e+02,3.5431993780e+02,3.5452076942e+02,3.5470187675e+02,3.5487580343e+02,3.5505502435e+02,3.5522654379e+02,3.5538706737e+02,3.5553140555e+02,3.5566826113e+02,3.5580801524e+02,3.5593975891e+02,3.5606502907e+02,3.5619181547e+02,3.5631318722e+02,3.5641871444e+02,3.5651348632e+02,3.5661709320e+02,3.5671950271e+02,3.5681903055e+02,3.5691559648e+02,3.5700309979e+02,3.5708255625e+02,3.5716170712e+02,3.5723631004e+02,3.5730526508e+02,3.5737364642e+02,3.5743507296e+02,3.5749145224e+02,3.5754806780e+02,3.5760331014e+02,3.5765194053e+02,3.5770025548e+02,3.5774503703e+02,3.5778969661e+02,3.5783115644e+02,3.5786796194e+02,3.5790298387e+02,3.5793691070e+02,3.5796747075e+02,3.5799726434e+02,3.5802756814e+02,3.5805615560e+02,3.5808376070e+02,3.5810910799e+02,3.5813437869e+02,3.5816001766e+02,3.5818443043e+02,3.5820776839e+02,3.5823092125e+02,3.5825381803e+02,3.5827740673e+02,3.5829888157e+02,3.5832112344e+02,3.5834393323e+02,3.5836532961e+02,3.5838548987e+02,3.5840353173e+02,3.5842137764e+02,3.5843867572e+02,3.5845738530e+02,3.5847655444e+02,3.5849553944e+02,3.5851272090e+02,3.5853008814e+02,3.5854685336e+02,3.5856407536e+02,3.5858055818e+02,3.5859733333e+02,3.5861556698e+02,3.5863245676e+02,3.5864974956e+02,3.5866718340e+02,3.5868301455e+02,3.5869862290e+02,3.5871430946e+02,3.5873018328e+02,3.5874699418e+02,3.5876285065e+02,3.5877922189e+02,3.5879522072e+02,3.5881046795e+02,3.5882555837e+02,3.5884005298e+02,3.5885518101e+02,3.5887055585e+02,3.5888622893e+02,3.5890094890e+02,3.5891663920e+02,3.5893232275e+02,3.5894709173e+02,3.5896102976e+02,3.5897581367e+02,3.5899213908e+02,3.5900821086e+02,3.5902307907e+02,3.5903756053e+02,3.5905297780e+02,3.5906822901e+02,3.5908205407e+02,3.5909628162e+02,3.5911233704e+02,3.5912796288e+02,3.5914291231e+02,3.5915783307e+02,3.5917242025e+02,3.5918736684e+02,3.5920308990e+02,3.5921822705e+02,3.5923334212e+02,3.5924772853e+02
-0.8406779661,3.7296545239e+02,1.8643824638e+01,4.4454702710e+01,7.0413237234e+01,9.4127085275e+01,1.1168273507e+02,1.2459963541e+02,1.3502706884e+02,1.4431252409e+02,1.5385278580e+02,1.6303208839e+02,1.7193144516e+02,1.8072998882e+02,1.8884695387e+02,1.9609614420e+02,2.0346815362e+02,2.1027522495e+02,2.1592748156e+02,2.2149617241e+02,2.2706529401e+02,2.3226029926e+02,2.3722909844e+02,2.4205461634e+02,2.4686025968e+02,2.5144321057e+02,2.5606847917e+02,2.6035258847e+02,2.6457957956e+02,2.6820948654e+02,2.7213748958e+02,2.7586086242e+02,2.7940326032e+02,2.8308164440e+02,2.8670275842e+02,2.9012822659e+02,2.9368804422e+02,2.9714472020e+02,3.0023468290e+02,3.0308769111e+02,3.0571520822e+02,3.0833459609e+02,3.1063543515e+02,3.1293760044e+02,3.1517646926e+02,3.1739795044e+02,3.1940887372e+02,3.2132009370e+02,3.2300108715e+02,3.2456901088e+02,3.2612913528e+02,3.2738595972e+02,3.2869377189e+02,3.3005355144e+02,3.3147325307e+02,3.3279892896e+02,3.3407134431e+02,3.3521231666e+02,3.3631295285e+02,3.3738956031e+02,3.3850922354e+02,3.3951000671e+02,3.4048896677e+02,3.4141427488e+02,3.4227875791e+02,3.4311122498e+02,3.4386784336e+02,3.4459058945e+02,3.4524731718e+02,3.4589355336e+02,3.4642902617e+02,3.4695657351e+02,3.4751316184e+02,3.4801538083e+02,3.4851419348e+02,3.4893816543e+02,3.4933479527e+02,3.4972960854e+02,3.5007116984e+02,3.5041780519e+02,3.5078840221e+02,3.5114257640e+02,3.5147928641e+02,3.5178396289e+02,3.5209143025e+02,3.5234723451e+02,3.5259871238e+02,3.5282042032e+02,3.5306012330e+02,3.5330868147e+02,3.5356399620e+02,3.5377923364e+02,3.5397707890e+02,3.5421034451e+02,3.5442209976e+02,3.5463135901e+02,3.5483311055e+02,3.5505424210e+02,3.5525876966e+02,3.5544363251e+02,3.5563883456e+02,3.5583349743e+02,3.5604079458e+02,3.5625415560e+02,3.5645483464e+02,3.5666155060e+02,3.5686994665e+02,3.5706481602e+02,3.5725697276e+02,3.5745193813e+02,3.5764955770e+02,3.5783234742e+02,3.5803760797e+02,3.5821922228e+02,3.5841975939e+02,3.5862775680e+02,3.5884545938e+02,3.5905410294e+02,3.5928488515e+02,3.5949858031e+02,3.5972001361e+02,3.5993258642e+02,3.6013821490e+02,3.6033759062e+02,3.6054779079e+02,3.6078218771e+02,3.6101487538e+02,3.6124443262e+02,3.6148326982e+02,3.6171273812e+02,3.6192331019e+02,3.6213505329e+02,3.6234850328e+02,3.6256578463e+02,3.6279721206e+02,3.6301755008e+02,3.6324033590e+02,3.6344660257e+02,3.6363821938e+02,3.6382076462e+02,3.6399972001e+02,3.6416458440e+02,3.6435254550e+02,3.6452219806e+02,3.6468430596e+02,3.6484374638e+02,3.6498910578e+02,3.6512517434e+02,3.6525636162e+02,3.6539444902e+02,3.6552207385e+02,3.6564250245e+02,3.6575928002e+02,3.6587519032e+02,3.6597974490e+02,3.6607066049e+02,3.6616437569e+02,3.6626077859e+02,3.6635249657e+02,3.6644008820e+02,3.6652407947e+02,3.6659674195e+02,3.6666615057e+02,3.6673651330e+02,3.6680250840e+02,3.6686641936e+02,3.6692782971e+02,3.6698301547e+02,3.6703417996e+02,3.6708458548e+02,3.6713319806e+02,3.6717570208e+02,3.6721786858e+02,3.6725722810e+02,3.6729686243e+02,3.6733393845e+02,3.6736667100e+02,3.6739755256e+02,3.6742723454e+02,3.6745460555e+02,3.6748122379e+02,3.6750840844e+02,3.6753463315e+02,3.6756003962e+02,3.6758285528e+02,3.6760565994e+02,3.6762905414e+02,3.6765192614e+02,3.6767357023e+02,3.6769513694e+02,3.6771653994e+02,3.6773854735e+02,3.6775807554e+02,3.6777877642e+02,3.6780001367e+02,3.6781978493e+02,3.6783846264e+02,3.6785550263e+02,3.6787239579e+02,3.6788865658e+02,3.6790616231e+02,3.6792388048e+02,3.6794161681e+02,3.6795841505e+02,3.6797574694e+02,3.6799291407e+02,3.6800972602e+02,3.6802729974e+02,3.6804467230e+02,3.6806177027e+02,3.6807742164e+02,3.6809319495e+02,3.6811032811e+02,3.6812683575e+02,3.6814371158e+02,3.6815989897e+02,3.6817530486e+02,3.6819121038e+02,3.6820627760e+02,3.6822207022e+02,3.6823787741e+02,3.6825362238e+02,3.6826967263e+02,3.6828404700e+02,3.6829940825e+02,3.6831510487e+02,3.6833156639e+02,3.6834705402e+02,3.6836310210e+02,3.6837830079e+02,3.6839301590e+02,3.6840776178e+02,3.6842280681e+02,3.6843931503e+02,3.6845583387e+02,3.6847156660e+02,3.6848672307e+02,3.6850231654e+02,3.6851830691e+02,3.6853382995e+02,3.6854878102e+02,3.6856515595e+02,3.6858086384e+02,3.6859588548e+02,3.6861132148e+02,3.6862684684e+02,3.6864274191e+02,3.6865942377e+02,3.6867529732e+02,3.6869152830e+02,3.6870653112e+02
-0.8322033898,3.8286690319e+02,1.9264132503e+01,4.5978174769e+01,7.2893404288e+01,9.7455064970e+01,1.1564953759e+02,1.2905567189e+02,1.3987096272e+02,1.4948027022e+02,1.5932512182e+02,1.6879281532e+02,1.7797045965e+02,1.8703706704e+02,1.9540502932e+02,2.0286369446e+02,2.1046094256e+02,2.1748878652e+02,2.2332210827e+02,2.2906139381e+02,2.3481071861e+02,2.4015792661e+02,2.4526297687e+02,2.5022173015e+02,2.5515400557e+02,2.5984185501e+02,2.6456508593e+02,2.6894649532e+02,2.7324263283e+02,2.7694768021e+02,2.8097095217e+02,2.8478851847e+02,2.8841572545e+02,2.9215660029e+02,2.9584158348e+02,2.9933526530e+02,3.0295659577e+02,3.0647531508e+02,3.0962853090e+02,3.1252615140e+02,3.1517634419e+02,3.1783449674e+02,3.2020132959e+02,3.2256771828e+02,3.2485865893e+02,3.2713785120e+02,3.2918684317e+02,3.3114164499e+02,3.3285282712e+02,3.3442809357e+02,3.3598408307e+02,3.3727430808e+02,3.3863052546e+02,3.4001951912e+02,3.4146616259e+02,3.4282620415e+02,3.4413272369e+02,3.4530197370e+02,3.4642184551e+02,3.4751535218e+02,3.4867145419e+02,3.4970603837e+02,3.5068831529e+02,3.5161029451e+02,3.5248348806e+02,3.5333021363e+02,3.5410599522e+02,3.5484597826e+02,3.5551698694e+02,3.5618159890e+02,3.5673197190e+02,3.5726851486e+02,3.5783305775e+02,3.5834557298e+02,3.5885819731e+02,3.5929185180e+02,3.5969605310e+02,3.6010189872e+02,3.6045595678e+02,3.6080537651e+02,3.6117869886e+02,3.6153766477e+02,3.6188259555e+02,3.6219568269e+02,3.6251088882e+02,3.6278004657e+02,3.6305689201e+02,3.6331941250e+02,3.6353944024e+02,3.6376319702e+02,3.6401408461e+02,3.6423657695e+02,3.6442744593e+02,3.6465993239e+02,3.6487618752e+02,3.6509217622e+02,3.6529386518e+02,3.6550888118e+02,3.6570730784e+02,3.6589315664e+02,3.6609760369e+02,3.6629813221e+02,3.6650123772e+02,3.6670630242e+02,3.6689749864e+02,3.6710246503e+02,3.6730734994e+02,3.6750228296e+02,3.6769416340e+02,3.6789054468e+02,3.6808832137e+02,3.6827458504e+02,3.6848061827e+02,3.6865966592e+02,3.6885226308e+02,3.6905448140e+02,3.6926678068e+02,3.6947106448e+02,3.6969462324e+02,3.6989855189e+02,3.7011103360e+02,3.7031400879e+02,3.7050998328e+02,3.7070091661e+02,3.7090102075e+02,3.7112290341e+02,3.7134550440e+02,3.7156542003e+02,3.7178907251e+02,3.7200287522e+02,3.7219967778e+02,3.7239857117e+02,3.7259611103e+02,3.7279648989e+02,3.7301005481e+02,3.7321504905e+02,3.7341937439e+02,3.7360380686e+02,3.7377562446e+02,3.7394185104e+02,3.7410212013e+02,3.7425630812e+02,3.7443030540e+02,3.7458860448e+02,3.7473699893e+02,3.7487473487e+02,3.7500361379e+02,3.7513270485e+02,3.7525583979e+02,3.7538160292e+02,3.7549925404e+02,3.7560457396e+02,3.7570529162e+02,3.7580469468e+02,3.7589528604e+02,3.7597791391e+02,3.7606272309e+02,3.7614842710e+02,3.7622965061e+02,3.7630611908e+02,3.7637837732e+02,3.7644042731e+02,3.7650291732e+02,3.7656621898e+02,3.7662517097e+02,3.7668182797e+02,3.7673618036e+02,3.7678508386e+02,3.7682928235e+02,3.7687293869e+02,3.7691670593e+02,3.7695552156e+02,3.7699240715e+02,3.7702711312e+02,3.7706071130e+02,3.7709381138e+02,3.7712320239e+02,3.7715042145e+02,3.7717663595e+02,3.7720189786e+02,3.7722551867e+02,3.7724962705e+02,3.7727345045e+02,3.7729666531e+02,3.7731727357e+02,3.7733828562e+02,3.7736024749e+02,3.7738218255e+02,3.7740263332e+02,3.7742289641e+02,3.7744279467e+02,3.7746365909e+02,3.7748188658e+02,3.7750124923e+02,3.7752112345e+02,3.7753963663e+02,3.7755726852e+02,3.7757372623e+02,3.7758999372e+02,3.7760576521e+02,3.7762277687e+02,3.7763968048e+02,3.7765656177e+02,3.7767297994e+02,3.7768953709e+02,3.7770526662e+02,3.7772201948e+02,3.7773883650e+02,3.7775603828e+02,3.7777389241e+02,3.7779065343e+02,3.7780767002e+02,3.7782534625e+02,3.7784148947e+02,3.7785668217e+02,3.7787213900e+02,3.7788880129e+02,3.7790640504e+02,3.7792324156e+02,3.7793971166e+02,3.7795552248e+02,3.7797125811e+02,3.7798703790e+02,3.7800267010e+02,3.7801964749e+02,3.7803632561e+02,3.7805347772e+02,3.7806960215e+02,3.7808654891e+02,3.7810242378e+02,3.7811759293e+02,3.7813272199e+02,3.7814791897e+02,3.7816470100e+02,3.7818156881e+02,3.7819791355e+02,3.7821399707e+02,3.7823054986e+02,3.7824721934e+02,3.7826390717e+02,3.7828004813e+02,3.7829719895e+02,3.7831332669e+02,3.7832879315e+02,3.7834484398e+02,3.7836114621e+02,3.7837788466e+02,3.7839548431e+02,3.7841179828e+02,3.7842868208e+02,3.7844399036e+02
-0.8237288136,3.9305989956e+02,1.9909152538e+01,4.7564385100e+01,7.5479159109e+01,1.0092574640e+02,1.1978845434e+02,1.3370838317e+02,1.4493140380e+02,1.5488053033e+02,1.6504366825e+02,1.7481207605e+02,1.8427950436e+02,1.9362387952e+02,2.0225177776e+02,2.0992692664e+02,2.1775718037e+02,2.2501409367e+02,2.3103538157e+02,2.3695086154e+02,2.4288576779e+02,2.4838962980e+02,2.5363446054e+02,2.5872970502e+02,2.6379085019e+02,2.6858434794e+02,2.7340519841e+02,2.7788460361e+02,2.8224828009e+02,2.8603656705e+02,2.9015694988e+02,2.9406778411e+02,2.9777600155e+02,3.0157716429e+02,3.0532336530e+02,3.0888230924e+02,3.1256197391e+02,3.1613777636e+02,3.1934929134e+02,3.2228783750e+02,3.2496018869e+02,3.2766595252e+02,3.3010415013e+02,3.3252780275e+02,3.3486629834e+02,3.3720427830e+02,3.3929204365e+02,3.4129409174e+02,3.4304178059e+02,3.4461918656e+02,3.4616669509e+02,3.4750339697e+02,3.4890529649e+02,3.5031833280e+02,3.5178641531e+02,3.5317445287e+02,3.5450514145e+02,3.5569675614e+02,3.5684225922e+02,3.5795933423e+02,3.5916452793e+02,3.6027262437e+02,3.6131656501e+02,3.6223185157e+02,3.6308716836e+02,3.6392182924e+02,3.6468566865e+02,3.6542213215e+02,3.6607926545e+02,3.6672559732e+02,3.6727431312e+02,3.6786178512e+02,3.6845583658e+02,3.6898634851e+02,3.6951265605e+02,3.6995009537e+02,3.7035301432e+02,3.7076301592e+02,3.7113110137e+02,3.7149338884e+02,3.7187019744e+02,3.7223209155e+02,3.7258342597e+02,3.7290154292e+02,3.7321326286e+02,3.7346920690e+02,3.7372216670e+02,3.7395471602e+02,3.7421626598e+02,3.7446983384e+02,3.7472808010e+02,3.7494295907e+02,3.7514933561e+02,3.7538738996e+02,3.7560010370e+02,3.7581400809e+02,3.7602051187e+02,3.7623815867e+02,3.7643043373e+02,3.7661509587e+02,3.7682448018e+02,3.7703124910e+02,3.7723689074e+02,3.7744503185e+02,3.7764360506e+02,3.7784884885e+02,3.7805285712e+02,3.7823895003e+02,3.7842243369e+02,3.7860917092e+02,3.7879984806e+02,3.7898224526e+02,3.7918617056e+02,3.7936657409e+02,3.7954967171e+02,3.7974257263e+02,3.7994754809e+02,3.8014593604e+02,3.8036007175e+02,3.8055329787e+02,3.8075656464e+02,3.8095018335e+02,3.8113710851e+02,3.8131866434e+02,3.8150675814e+02,3.8171471230e+02,3.8192432612e+02,3.8213191384e+02,3.8234101601e+02,3.8254197670e+02,3.8272540173e+02,3.8290857902e+02,3.8309059402e+02,3.8327347641e+02,3.8346764484e+02,3.8365545196e+02,3.8384053299e+02,3.8400437116e+02,3.8416311789e+02,3.8431390458e+02,3.8445554292e+02,3.8459748844e+02,3.8475383716e+02,3.8489519356e+02,3.8502727400e+02,3.8515019250e+02,3.8526812285e+02,3.8538484202e+02,3.8549581778e+02,3.8560814331e+02,3.8570975702e+02,3.8580178601e+02,3.8589257078e+02,3.8597775529e+02,3.8605786991e+02,3.8613514923e+02,3.8621321491e+02,3.8628961067e+02,3.8636121014e+02,3.8642775991e+02,3.8649175846e+02,3.8654955300e+02,3.8660659041e+02,3.8666289822e+02,3.8671200462e+02,3.8675780531e+02,3.8680446802e+02,3.8684789914e+02,3.8688756488e+02,3.8692549939e+02,3.8696269079e+02,3.8699596427e+02,3.8702862775e+02,3.8706008127e+02,3.8709095919e+02,3.8712136941e+02,3.8714829790e+02,3.8717242988e+02,3.8719553691e+02,3.8721959085e+02,3.8724220377e+02,3.8726436231e+02,3.8728601457e+02,3.8730766379e+02,3.8732720710e+02,3.8734665909e+02,3.8736726518e+02,3.8738837912e+02,3.8740844061e+02,3.8742886431e+02,3.8744773783e+02,3.8746739363e+02,3.8748483268e+02,3.8750280667e+02,3.8752165492e+02,3.8753965259e+02,3.8755666354e+02,3.8757278386e+02,3.8758891285e+02,3.8760487406e+02,3.8762196586e+02,3.8763858512e+02,3.8765527128e+02,3.8767223242e+02,3.8768930156e+02,3.8770547783e+02,3.8772211964e+02,3.8773984228e+02,3.8775807659e+02,3.8777646552e+02,3.8779400755e+02,3.8781134704e+02,3.8782904032e+02,3.8784536373e+02,3.8786134481e+02,3.8787772243e+02,3.8789493775e+02,3.8791270396e+02,3.8793013450e+02,3.8794690800e+02,3.8796341595e+02,3.8798007173e+02,3.8799666187e+02,3.8801394141e+02,3.8803257386e+02,3.8805057094e+02,3.8806862277e+02,3.8808538181e+02,3.8810303080e+02,3.8811979798e+02,3.8813610540e+02,3.8815224145e+02,3.8816756544e+02,3.8818462245e+02,3.8820223380e+02,3.8821980020e+02,3.8823717654e+02,3.8825452154e+02,3.8827197274e+02,3.8829064667e+02,3.8830838599e+02,3.8832634207e+02,3.8834271473e+02,3.8835854231e+02,3.8837549711e+02,3.8839204711e+02,3.8840885209e+02,3.8842696260e+02,3.8844349898e+02,3.8846085380e+02,3.8847630860e+02
-0.8152542373,4.0355956357e+02,2.0580005468e+01,4.9216259075e+01,7.8175619123e+01,1.0454613936e+02,1.2410812187e+02,1.3856792722e+02,1.5021984978e+02,1.6052582650e+02,1.7102187168e+02,1.8110412734e+02,1.9087357680e+02,2.0050596877e+02,2.0940319588e+02,2.1730222752e+02,2.2537370070e+02,2.3286842849e+02,2.3908493619e+02,2.4518245205e+02,2.5130845509e+02,2.5697360590e+02,2.6236192047e+02,2.6759704672e+02,2.7278932092e+02,2.7768914343e+02,2.8260720534e+02,2.8718540837e+02,2.9161571273e+02,2.9549552896e+02,2.9971382180e+02,3.0371664790e+02,3.0750229523e+02,3.1136157571e+02,3.1516610528e+02,3.1878686716e+02,3.2252124499e+02,3.2614868459e+02,3.2941341219e+02,3.3239025320e+02,3.3508651216e+02,3.3784675420e+02,3.4035626448e+02,3.4282892638e+02,3.4521067500e+02,3.4760879286e+02,3.4973217774e+02,3.5177413372e+02,3.5356096597e+02,3.5514805134e+02,3.5669215458e+02,3.5807984886e+02,3.5952740295e+02,3.6096427925e+02,3.6245085517e+02,3.6386042517e+02,3.6520335232e+02,3.6640440547e+02,3.6757305822e+02,3.6870851147e+02,3.6992913101e+02,3.7103367997e+02,3.7205685864e+02,3.7297907124e+02,3.7386058206e+02,3.7472389595e+02,3.7552749142e+02,3.7627949933e+02,3.7692983528e+02,3.7757775118e+02,3.7815254766e+02,3.7877695766e+02,3.7938402400e+02,3.7992766467e+02,3.8046713207e+02,3.8091349362e+02,3.8132613857e+02,3.8174110974e+02,3.8211460745e+02,3.8248440062e+02,3.8286441296e+02,3.8322884671e+02,3.8358528079e+02,3.8390545985e+02,3.8420803086e+02,3.8445851948e+02,3.8471699747e+02,3.8496180489e+02,3.8523142470e+02,3.8548417787e+02,3.8574057641e+02,3.8595392895e+02,3.8616532496e+02,3.8639977975e+02,3.8660636340e+02,3.8681973705e+02,3.8703007191e+02,3.8724715870e+02,3.8743422832e+02,3.8761954657e+02,3.8782902666e+02,3.8803598499e+02,3.8824017144e+02,3.8844244980e+02,3.8863692372e+02,3.8884323744e+02,3.8904869525e+02,3.8923710974e+02,3.8942245273e+02,3.8960339622e+02,3.8978492844e+02,3.8995908734e+02,3.9015797110e+02,3.9034011330e+02,3.9051560214e+02,3.9069663621e+02,3.9089186775e+02,3.9108254216e+02,3.9128635685e+02,3.9146967936e+02,3.9166424163e+02,3.9184771996e+02,3.9202463031e+02,3.9219709168e+02,3.9237257543e+02,3.9256461836e+02,3.9275864493e+02,3.9295207903e+02,3.9314690440e+02,3.9333700212e+02,3.9350877996e+02,3.9367422534e+02,3.9384059099e+02,3.9400581333e+02,3.9418005319e+02,3.9434988997e+02,3.9451639151e+02,3.9466318064e+02,3.9480993422e+02,3.9494441194e+02,3.9507031502e+02,3.9519928563e+02,3.9533626219e+02,3.9545920381e+02,3.9557714453e+02,3.9568908533e+02,3.9579423907e+02,3.9589767634e+02,3.9599609560e+02,3.9609372047e+02,3.9618038388e+02,3.9626529849e+02,3.9634628132e+02,3.9641750243e+02,3.9649173976e+02,3.9656278634e+02,3.9663276349e+02,3.9670002140e+02,3.9676241752e+02,3.9681950212e+02,3.9687463832e+02,3.9692541907e+02,3.9697646346e+02,3.9702574345e+02,3.9706808478e+02,3.9710928501e+02,3.9715131463e+02,3.9719029552e+02,3.9722523137e+02,3.9725764485e+02,3.9729005239e+02,3.9732048350e+02,3.9735026312e+02,3.9737880688e+02,3.9740569108e+02,3.9743215566e+02,3.9745593655e+02,3.9747845002e+02,3.9750069869e+02,3.9752332640e+02,3.9754461875e+02,3.9756579815e+02,3.9758667738e+02,3.9760681633e+02,3.9762525208e+02,3.9764502349e+02,3.9766585570e+02,3.9768601182e+02,3.9770419206e+02,3.9772276840e+02,3.9774158679e+02,3.9776210117e+02,3.9778041894e+02,3.9779867403e+02,3.9781719608e+02,3.9783497742e+02,3.9785151733e+02,3.9786804525e+02,3.9788493201e+02,3.9790157166e+02,3.9791929088e+02,3.9793644262e+02,3.9795338435e+02,3.9797077996e+02,3.9798807869e+02,3.9800513049e+02,3.9802362846e+02,3.9804332127e+02,3.9806336022e+02,3.9808285476e+02,3.9810149955e+02,3.9811955964e+02,3.9813771293e+02,3.9815490575e+02,3.9817247843e+02,3.9819024205e+02,3.9820801374e+02,3.9822620924e+02,3.9824463004e+02,3.9826252017e+02,3.9828032806e+02,3.9829856030e+02,3.9831636975e+02,3.9833445259e+02,3.9835437585e+02,3.9837378542e+02,3.9839315495e+02,3.9841126536e+02,3.9842997397e+02,3.9844763166e+02,3.9846480242e+02,3.9848255366e+02,3.9849944202e+02,3.9851667757e+02,3.9853445877e+02,3.9855286594e+02,3.9857187032e+02,3.9859085970e+02,3.9860893316e+02,3.9862858925e+02,3.9864741873e+02,3.9866657587e+02,3.9868466249e+02,3.9870156073e+02,3.9871953426e+02,3.9873667930e+02,3.9875297746e+02,3.9877110608e+02,3.9878724017e+02,3.9880436336e+02,3.9882021216e+02
-0.8067796610,4.1438345401e+02,2.1277867328e+01,5.0936866860e+01,8.0988165739e+01,1.0832362380e+02,1.2861764895e+02,1.4364504323e+02,1.5574843983e+02,1.6642945016e+02,1.7727403240e+02,1.8768415623e+02,1.9776867641e+02,2.0769993658e+02,2.1687638815e+02,2.2500714007e+02,2.3332855060e+02,2.4107033537e+02,2.4748970226e+02,2.5377536418e+02,2.6009814017e+02,2.6592943197e+02,2.7146514294e+02,2.7684370659e+02,2.8216941532e+02,2.8717618852e+02,2.9219103400e+02,2.9686902951e+02,3.0136591281e+02,3.0534532753e+02,3.0966144709e+02,3.1375482630e+02,3.1761453534e+02,3.2152979619e+02,3.2538954716e+02,3.2906821025e+02,3.3285329633e+02,3.3652665800e+02,3.3983985063e+02,3.4285388590e+02,3.4557709817e+02,3.4839511198e+02,3.5097260566e+02,3.5348654980e+02,3.5590813583e+02,3.5836698728e+02,3.6052015171e+02,3.6258559965e+02,3.6440548470e+02,3.6602284258e+02,3.6757527451e+02,3.6900333332e+02,3.7049802250e+02,3.7196577175e+02,3.7347391535e+02,3.7490551401e+02,3.7626147059e+02,3.7747042356e+02,3.7865696964e+02,3.7980614886e+02,3.8103688924e+02,3.8213674150e+02,3.8315708252e+02,3.8410970790e+02,3.8501953421e+02,3.8590116696e+02,3.8672167955e+02,3.8746938206e+02,3.8810796289e+02,3.8877774003e+02,3.8938390609e+02,3.9003206012e+02,3.9065034576e+02,3.9120391050e+02,3.9175443897e+02,3.9220833484e+02,3.9262161813e+02,3.9303952446e+02,3.9342273689e+02,3.9379557934e+02,3.9417317062e+02,3.9453629034e+02,3.9489514618e+02,3.9521537015e+02,3.9551161664e+02,3.9576540692e+02,3.9602723373e+02,3.9627470781e+02,3.9654511418e+02,3.9679469957e+02,3.9704781919e+02,3.9725951335e+02,3.9747408524e+02,3.9770289533e+02,3.9790596274e+02,3.9811980741e+02,3.9833000226e+02,3.9854311601e+02,3.9872558598e+02,3.9891153646e+02,3.9911864771e+02,3.9932419972e+02,3.9952568991e+02,3.9972118534e+02,3.9991120395e+02,4.0011512245e+02,4.0031507058e+02,4.0049769805e+02,4.0067577219e+02,4.0085287145e+02,4.0103300088e+02,4.0120697925e+02,4.0140244526e+02,4.0158523902e+02,4.0175684631e+02,4.0192499836e+02,4.0210745018e+02,4.0228869173e+02,4.0248193639e+02,4.0265644797e+02,4.0284245181e+02,4.0301527085e+02,4.0318186895e+02,4.0334546922e+02,4.0350804211e+02,4.0368290689e+02,4.0386044649e+02,4.0403912667e+02,4.0421935058e+02,4.0439808199e+02,4.0456068362e+02,4.0471021469e+02,4.0486060926e+02,4.0500664619e+02,4.0515948133e+02,4.0531072265e+02,4.0545918306e+02,4.0559075552e+02,4.0572631475e+02,4.0584532143e+02,4.0595718407e+02,4.0607446652e+02,4.0619438111e+02,4.0630147409e+02,4.0640853046e+02,4.0651156520e+02,4.0660351151e+02,4.0669246999e+02,4.0677963814e+02,4.0686633399e+02,4.0694289945e+02,4.0701576325e+02,4.0708576641e+02,4.0714987960e+02,4.0721739382e+02,4.0727942022e+02,4.0734078290e+02,4.0739987890e+02,4.0745521777e+02,4.0750551440e+02,4.0755223688e+02,4.0759533390e+02,4.0763929776e+02,4.0768154779e+02,4.0771948921e+02,4.0775719637e+02,4.0779375858e+02,4.0782787208e+02,4.0785932859e+02,4.0788817584e+02,4.0791710461e+02,4.0794526474e+02,4.0797297246e+02,4.0799965002e+02,4.0802397494e+02,4.0804773332e+02,4.0807005613e+02,4.0809204889e+02,4.0811317306e+02,4.0813423192e+02,4.0815395336e+02,4.0817394652e+02,4.0819429866e+02,4.0821408638e+02,4.0823316186e+02,4.0825353633e+02,4.0827450757e+02,4.0829402397e+02,4.0831179997e+02,4.0833072235e+02,4.0834966522e+02,4.0836994914e+02,4.0838823128e+02,4.0840679614e+02,4.0842559359e+02,4.0844348639e+02,4.0846103262e+02,4.0847929442e+02,4.0849714333e+02,4.0851439522e+02,4.0853306347e+02,4.0855134000e+02,4.0856947365e+02,4.0858859093e+02,4.0860698747e+02,4.0862507526e+02,4.0864505754e+02,4.0866526080e+02,4.0868572632e+02,4.0870588159e+02,4.0872693291e+02,4.0874802694e+02,4.0876954769e+02,4.0878909907e+02,4.0880756412e+02,4.0882605783e+02,4.0884552815e+02,4.0886564411e+02,4.0888648513e+02,4.0890731981e+02,4.0892712041e+02,4.0894712795e+02,4.0896656785e+02,4.0898431266e+02,4.0900411086e+02,4.0902412901e+02,4.0904431428e+02,4.0906370064e+02,4.0908397418e+02,4.0910283623e+02,4.0912107240e+02,4.0913901535e+02,4.0915645960e+02,4.0917584293e+02,4.0919550810e+02,4.0921543960e+02,4.0923548740e+02,4.0925517665e+02,4.0927449975e+02,4.0929564276e+02,4.0931507720e+02,4.0933428154e+02,4.0935248896e+02,4.0936959083e+02,4.0938818997e+02,4.0940570946e+02,4.0942214645e+02,4.0944012749e+02,4.0945639471e+02,4.0947368614e+02,4.0949011667e+02
-0.7983050847,4.2555243135e+02,2.2003972275e+01,5.2729430241e+01,8.3922457192e+01,1.1226596860e+02,1.3332664203e+02,1.4895108549e+02,1.6153003706e+02,1.7260551281e+02,1.8381536393e+02,1.9456834815e+02,2.0498188071e+02,2.1522352793e+02,2.2468965813e+02,2.3306046255e+02,2.4164109850e+02,2.4963973683e+02,2.5627002655e+02,2.6275024529e+02,2.6927566202e+02,2.7527820621e+02,2.8096547808e+02,2.8649123649e+02,2.9195276366e+02,2.9706709427e+02,3.0217833503e+02,3.0695741197e+02,3.1152180785e+02,3.1560831522e+02,3.2002149270e+02,3.2420396694e+02,3.2813458868e+02,3.3210373931e+02,3.3601541933e+02,3.3974763176e+02,3.4357911702e+02,3.4729265203e+02,3.5065025781e+02,3.5370181444e+02,3.5645498023e+02,3.5933058726e+02,3.6197145333e+02,3.6452061295e+02,3.6698004325e+02,3.6949911956e+02,3.7167694935e+02,3.7375316394e+02,3.7560409461e+02,3.7726879876e+02,3.7883286164e+02,3.8029356083e+02,3.8183432367e+02,3.8333508213e+02,3.8486449112e+02,3.8631971677e+02,3.8769190260e+02,3.8891258283e+02,3.9011637677e+02,3.9128086304e+02,3.9254162965e+02,3.9367706605e+02,3.9471849379e+02,3.9566000055e+02,3.9656163754e+02,3.9743824655e+02,3.9825962530e+02,3.9899523364e+02,3.9963891326e+02,4.0033656258e+02,4.0096250070e+02,4.0162644668e+02,4.0225363468e+02,4.0281528434e+02,4.0337569098e+02,4.0383839412e+02,4.0424870347e+02,4.0466539998e+02,4.0505861634e+02,4.0543382469e+02,4.0580628686e+02,4.0616435149e+02,4.0652280269e+02,4.0684215445e+02,4.0713712744e+02,4.0739448766e+02,4.0765375499e+02,4.0789840748e+02,4.0816593379e+02,4.0841091582e+02,4.0865964673e+02,4.0886918214e+02,4.0908501362e+02,4.0930749853e+02,4.0950910651e+02,4.0972191256e+02,4.0992882713e+02,4.1013659794e+02,4.1031486619e+02,4.1050036080e+02,4.1070328619e+02,4.1090569030e+02,4.1110192695e+02,4.1128625879e+02,4.1146856553e+02,4.1166390518e+02,4.1184784649e+02,4.1202581754e+02,4.1220523046e+02,4.1238805884e+02,4.1256828953e+02,4.1274079506e+02,4.1293053648e+02,4.1311092358e+02,4.1328517731e+02,4.1344991618e+02,4.1361740137e+02,4.1378318596e+02,4.1396256076e+02,4.1412759837e+02,4.1430448982e+02,4.1446734655e+02,4.1462460878e+02,4.1477881586e+02,4.1492887523e+02,4.1508694022e+02,4.1524767240e+02,4.1540989494e+02,4.1557298406e+02,4.1573626857e+02,4.1588743500e+02,4.1603019987e+02,4.1617277336e+02,4.1630067158e+02,4.1642872878e+02,4.1656025918e+02,4.1669025240e+02,4.1680605188e+02,4.1692928903e+02,4.1703445594e+02,4.1713429758e+02,4.1723936917e+02,4.1734394762e+02,4.1744063917e+02,4.1753869305e+02,4.1763078605e+02,4.1771175562e+02,4.1779046705e+02,4.1786707023e+02,4.1794246676e+02,4.1801210514e+02,4.1807931012e+02,4.1814326752e+02,4.1819555047e+02,4.1825134231e+02,4.1830425088e+02,4.1835755267e+02,4.1840697770e+02,4.1845166737e+02,4.1849591102e+02,4.1853933225e+02,4.1857821159e+02,4.1861489909e+02,4.1864981850e+02,4.1868608199e+02,4.1872185549e+02,4.1875370939e+02,4.1878467766e+02,4.1881273386e+02,4.1883918080e+02,4.1886733923e+02,4.1889404461e+02,4.1891920272e+02,4.1894302899e+02,4.1896646880e+02,4.1898950607e+02,4.1901144213e+02,4.1903271382e+02,4.1905348040e+02,4.1907411977e+02,4.1909353400e+02,4.1911311184e+02,4.1913306018e+02,4.1915274795e+02,4.1917273556e+02,4.1919404005e+02,4.1921545939e+02,4.1923546984e+02,4.1925445979e+02,4.1927429391e+02,4.1929322903e+02,4.1931325902e+02,4.1933240216e+02,4.1935247704e+02,4.1937269298e+02,4.1939222221e+02,4.1941141187e+02,4.1943112231e+02,4.1944991910e+02,4.1946873832e+02,4.1948933077e+02,4.1950954695e+02,4.1952980659e+02,4.1955140663e+02,4.1957139667e+02,4.1959062142e+02,4.1961204849e+02,4.1963404053e+02,4.1965661459e+02,4.1967878671e+02,4.1970220139e+02,4.1972491863e+02,4.1974709819e+02,4.1976730566e+02,4.1978820075e+02,4.1980945951e+02,4.1983069447e+02,4.1985214802e+02,4.1987435150e+02,4.1989461153e+02,4.1991472787e+02,4.1993646559e+02,4.1995779204e+02,4.1997924605e+02,4.2000191854e+02,4.2002330270e+02,4.2004471919e+02,4.2006534435e+02,4.2008646329e+02,4.2010573770e+02,4.2012513727e+02,4.2014360024e+02,4.2016225034e+02,4.2018330506e+02,4.2020428631e+02,4.2022563297e+02,4.2024644531e+02,4.2026705554e+02,4.2028762256e+02,4.2030826611e+02,4.2032679498e+02,4.2034567330e+02,4.2036431641e+02,4.2038302819e+02,4.2040316724e+02,4.2042205245e+02,4.2043878184e+02,4.2045579771e+02,4.2047111881e+02,4.2048810989e+02,4.2050571164e+02
-0.7898305085,4.3709163835e+02,2.2759615544e+01,5.4597329664e+01,8.6984441756e+01,1.1638135094e+02,1.3824523167e+02,1.5449805890e+02,1.6757827329e+02,1.7906899989e+02,1.9066205677e+02,2.0177395998e+02,2.1253142748e+02,2.2309572175e+02,2.3286260783e+02,2.4148235668e+02,2.5033215239e+02,2.5859806017e+02,2.6544780513e+02,2.7212933053e+02,2.7886348701e+02,2.8504270547e+02,2.9088600594e+02,2.9656296245e+02,3.0216281159e+02,3.0738532861e+02,3.1259269084e+02,3.1747454801e+02,3.2210843922e+02,3.2630868996e+02,3.3081767792e+02,3.3508788180e+02,3.3908650903e+02,3.4310753347e+02,3.4706771194e+02,3.5084874341e+02,3.5472211320e+02,3.5847026568e+02,3.6186909367e+02,3.6495938313e+02,3.6774448932e+02,3.7067507167e+02,3.7337461062e+02,3.7595484481e+02,3.7845129215e+02,3.8102899184e+02,3.8322904462e+02,3.8531303142e+02,3.8719987337e+02,3.8891534050e+02,3.9048667760e+02,3.9198328061e+02,3.9356692207e+02,3.9509644490e+02,3.9664154998e+02,3.9811618603e+02,3.9949703426e+02,4.0072567775e+02,4.0194904481e+02,4.0312977602e+02,4.0441927306e+02,4.0559836150e+02,4.0670453871e+02,4.0768301095e+02,4.0858801709e+02,4.0939903481e+02,4.1015403539e+02,4.1091341708e+02,4.1162899058e+02,4.1236316406e+02,4.1296354608e+02,4.1359915904e+02,4.1422130973e+02,4.1478008854e+02,4.1534500070e+02,4.1581744019e+02,4.1622180254e+02,4.1663167633e+02,4.1703728122e+02,4.1741914214e+02,4.1778684740e+02,4.1813220045e+02,4.1848406958e+02,4.1880080517e+02,4.1909861116e+02,4.1936082061e+02,4.1961455553e+02,4.1984883850e+02,4.2010863803e+02,4.2034754783e+02,4.2059081024e+02,4.2079745109e+02,4.2101293755e+02,4.2122911740e+02,4.2142999735e+02,4.2163996846e+02,4.2184168075e+02,4.2204380968e+02,4.2221790313e+02,4.2240181938e+02,4.2259941079e+02,4.2279687003e+02,4.2298541146e+02,4.2315866278e+02,4.2333832058e+02,4.2352940049e+02,4.2370993803e+02,4.2388843129e+02,4.2406574514e+02,4.2424267288e+02,4.2441521412e+02,4.2458179445e+02,4.2476321852e+02,4.2493684947e+02,4.2510864192e+02,4.2527546691e+02,4.2544358632e+02,4.2559939884e+02,4.2575708846e+02,4.2590687621e+02,4.2607316247e+02,4.2622752732e+02,4.2637892840e+02,4.2653034647e+02,4.2668638990e+02,4.2683922603e+02,4.2698963738e+02,4.2712820491e+02,4.2726134847e+02,4.2739210631e+02,4.2752137556e+02,4.2764958253e+02,4.2778218764e+02,4.2790267914e+02,4.2801443171e+02,4.2812542185e+02,4.2823672987e+02,4.2833827985e+02,4.2844892908e+02,4.2854150595e+02,4.2863061940e+02,4.2872370287e+02,4.2881600534e+02,4.2890384395e+02,4.2899145255e+02,4.2906930613e+02,4.2914022467e+02,4.2921324261e+02,4.2928141311e+02,4.2934722203e+02,4.2940941807e+02,4.2947034099e+02,4.2953011425e+02,4.2957861546e+02,4.2962373560e+02,4.2966719051e+02,4.2971356137e+02,4.2975612742e+02,4.2979526464e+02,4.2983490429e+02,4.2987233174e+02,4.2990532176e+02,4.2993747997e+02,4.2997048634e+02,4.3000378322e+02,4.3003579494e+02,4.3006440513e+02,4.3009323744e+02,4.3011882993e+02,4.3014362392e+02,4.3017016624e+02,4.3019486278e+02,4.3021821434e+02,4.3024142643e+02,4.3026499430e+02,4.3028733431e+02,4.3030869985e+02,4.3032989038e+02,4.3035119716e+02,4.3037249378e+02,4.3039269102e+02,4.3041251581e+02,4.3043245102e+02,4.3045268830e+02,4.3047398222e+02,4.3049650164e+02,4.3051893598e+02,4.3053990751e+02,4.3056035563e+02,4.3058202975e+02,4.3060268342e+02,4.3062389937e+02,4.3064444665e+02,4.3066581961e+02,4.3068784496e+02,4.3070986667e+02,4.3073111897e+02,4.3075289275e+02,4.3077370320e+02,4.3079450712e+02,4.3081714447e+02,4.3083970661e+02,4.3086251818e+02,4.3088664288e+02,4.3090856266e+02,4.3092946127e+02,4.3095276123e+02,4.3097706152e+02,4.3100163148e+02,4.3102559483e+02,4.3105136343e+02,4.3107595038e+02,4.3109970641e+02,4.3112236956e+02,4.3114550932e+02,4.3116831473e+02,4.3119147040e+02,4.3121508386e+02,4.3123856016e+02,4.3126028534e+02,4.3128170577e+02,4.3130483237e+02,4.3132723789e+02,4.3134999366e+02,4.3137365073e+02,4.3139583646e+02,4.3141832257e+02,4.3144006728e+02,4.3146201632e+02,4.3148211239e+02,4.3150224088e+02,4.3152102534e+02,4.3154089325e+02,4.3156290469e+02,4.3158455039e+02,4.3160616140e+02,4.3162703021e+02,4.3164810915e+02,4.3166855522e+02,4.3168808124e+02,4.3170706066e+02,4.3172634944e+02,4.3174496132e+02,4.3176320523e+02,4.3178121885e+02,4.3179747258e+02,4.3181467145e+02,4.3183146864e+02,4.3184788309e+02,4.3186472747e+02,4.3188022345e+02
-0.7813559322,4.4903157321e+02,2.3546156529e+01,5.6544111463e+01,9.0180371256e+01,1.2067837618e+02,1.4338409987e+02,1.6029865607e+02,1.7390759620e+02,1.8583582798e+02,1.9783134654e+02,2.0931939866e+02,2.2043680339e+02,2.3133682939e+02,2.4141624605e+02,2.5029446604e+02,2.5942408981e+02,2.6796837775e+02,2.7504663105e+02,2.8193659752e+02,2.8888587365e+02,2.9524756105e+02,3.0125172232e+02,3.0708417933e+02,3.1282502538e+02,3.1815643351e+02,3.2345985067e+02,3.2844672378e+02,3.3315315482e+02,3.3747278902e+02,3.4207606231e+02,3.4643281558e+02,3.5049682294e+02,3.5456782218e+02,3.5857299331e+02,3.6239781276e+02,3.6630846121e+02,3.7008606125e+02,3.7352375080e+02,3.7665419622e+02,3.7947189661e+02,3.8245353709e+02,3.8520740653e+02,3.8781611677e+02,3.9034917485e+02,3.9298297334e+02,3.9520514917e+02,3.9729983359e+02,3.9922654210e+02,4.0098780103e+02,4.0256213105e+02,4.0410065605e+02,4.0572299904e+02,4.0727624976e+02,4.0883158818e+02,4.1032031734e+02,4.1170140817e+02,4.1293297545e+02,4.1417505861e+02,4.1536810921e+02,4.1666464747e+02,4.1783767425e+02,4.1891549990e+02,4.1987174897e+02,4.2076478696e+02,4.2161272488e+02,4.2242344734e+02,4.2315479098e+02,4.2383354799e+02,4.2455908451e+02,4.2520165029e+02,4.2588574908e+02,4.2652289647e+02,4.2709504831e+02,4.2766841376e+02,4.2815021085e+02,4.2855365223e+02,4.2895240863e+02,4.2936398594e+02,4.2975645969e+02,4.3013548829e+02,4.3047329661e+02,4.3080849353e+02,4.3111571740e+02,4.3141278041e+02,4.3168246514e+02,4.3194507270e+02,4.3216427346e+02,4.3239959774e+02,4.3262715740e+02,4.3286326523e+02,4.3306642481e+02,4.3327993057e+02,4.3348999680e+02,4.3368969502e+02,4.3389545756e+02,4.3409101033e+02,4.3428777962e+02,4.3445739586e+02,4.3463889467e+02,4.3483092323e+02,4.3502283578e+02,4.3520405210e+02,4.3537092991e+02,4.3554901260e+02,4.3573505260e+02,4.3591220711e+02,4.3608804845e+02,4.3626166695e+02,4.3643166233e+02,4.3659593919e+02,4.3675581566e+02,4.3692838600e+02,4.3709375973e+02,4.3725680853e+02,4.3741045563e+02,4.3756334692e+02,4.3770775084e+02,4.3786207581e+02,4.3800989272e+02,4.3816783405e+02,4.3831171922e+02,4.3845056780e+02,4.3858647789e+02,4.3871676774e+02,4.3884543693e+02,4.3897423088e+02,4.3910281170e+02,4.3923181372e+02,4.3936142303e+02,4.3948191633e+02,4.3959680185e+02,4.3970568906e+02,4.3980696802e+02,4.3991800881e+02,4.4002472505e+02,4.4012463441e+02,4.4021688640e+02,4.4031498852e+02,4.4039570479e+02,4.4047770799e+02,4.4056175507e+02,4.4064464100e+02,4.4072331607e+02,4.4079869541e+02,4.4086286479e+02,4.4092919167e+02,4.4099680095e+02,4.4105727927e+02,4.4111384339e+02,4.4116553044e+02,4.4121619159e+02,4.4126473522e+02,4.4131102173e+02,4.4135825015e+02,4.4139980724e+02,4.4144285200e+02,4.4148162474e+02,4.4151621911e+02,4.4155028040e+02,4.4158235422e+02,4.4161225856e+02,4.4164241171e+02,4.4167295340e+02,4.4170280186e+02,4.4173183749e+02,4.4175823853e+02,4.4178531359e+02,4.4180958124e+02,4.4183356715e+02,4.4185891053e+02,4.4188245686e+02,4.4190540478e+02,4.4192905152e+02,4.4195295591e+02,4.4197562349e+02,4.4199734049e+02,4.4201904992e+02,4.4204091848e+02,4.4206328899e+02,4.4208495665e+02,4.4210619630e+02,4.4212713190e+02,4.4214835926e+02,4.4217140218e+02,4.4219572887e+02,4.4222009834e+02,4.4224273688e+02,4.4226485763e+02,4.4228875315e+02,4.4231202926e+02,4.4233583946e+02,4.4235870759e+02,4.4238145565e+02,4.4240547546e+02,4.4243041265e+02,4.4245393057e+02,4.4247793442e+02,4.4250128135e+02,4.4252467701e+02,4.4254983384e+02,4.4257531428e+02,4.4260102715e+02,4.4262756962e+02,4.4265166287e+02,4.4267452063e+02,4.4269963885e+02,4.4272615938e+02,4.4275272297e+02,4.4277826430e+02,4.4280623499e+02,4.4283326299e+02,4.4285942314e+02,4.4288520619e+02,4.4291027951e+02,4.4293359476e+02,4.4295721191e+02,4.4298282120e+02,4.4300861254e+02,4.4303428383e+02,4.4305742103e+02,4.4308130852e+02,4.4310467655e+02,4.4312715476e+02,4.4314992449e+02,4.4317164915e+02,4.4319376246e+02,4.4321566446e+02,4.4323801471e+02,4.4325866694e+02,4.4327902229e+02,4.4329808102e+02,4.4331833913e+02,4.4334031650e+02,4.4336189412e+02,4.4338281711e+02,4.4340283381e+02,4.4342320799e+02,4.4344274738e+02,4.4346167226e+02,4.4348074167e+02,4.4349953108e+02,4.4351690144e+02,4.4353353404e+02,4.4354976552e+02,4.4356693517e+02,4.4358458049e+02,4.4360065255e+02,4.4361671564e+02,4.4363273231e+02,4.4364706879e+02
-0.7728813559,4.6140923428e+02,2.4365022020e+01,5.8573495263e+01,9.3516814842e+01,1.2516609816e+02,1.4875450817e+02,1.6636629597e+02,1.8053331882e+02,1.9292290536e+02,2.0534158663e+02,2.1722430554e+02,2.2871883953e+02,2.3996860118e+02,2.5037310601e+02,2.5952004536e+02,2.6894099998e+02,2.7777556038e+02,2.8509195609e+02,2.9219793716e+02,2.9936905569e+02,3.0591945481e+02,3.1208974649e+02,3.1808236885e+02,3.2396712233e+02,3.2940826944e+02,3.3480799469e+02,3.3990279240e+02,3.4468583625e+02,3.4912941912e+02,3.5382536320e+02,3.5826775418e+02,3.6239485602e+02,3.6651410631e+02,3.7056077057e+02,3.7442414643e+02,3.7836750248e+02,3.8216991063e+02,3.8564476354e+02,3.8881646841e+02,3.9166626784e+02,3.9469459819e+02,3.9749881471e+02,4.0013432677e+02,4.0270337689e+02,4.0539010816e+02,4.0763562242e+02,4.0974529039e+02,4.1171236211e+02,4.1351237448e+02,4.1508789999e+02,4.1667271697e+02,4.1832948813e+02,4.1990222313e+02,4.2146360876e+02,4.2296225169e+02,4.2433915637e+02,4.2557182107e+02,4.2682983600e+02,4.2803162927e+02,4.2932661454e+02,4.3048577117e+02,4.3154118007e+02,4.3250632534e+02,4.3341705969e+02,4.3428219676e+02,4.3509870202e+02,4.3581729577e+02,4.3650756768e+02,4.3724543326e+02,4.3790002391e+02,4.3859284245e+02,4.3923084010e+02,4.3980405446e+02,4.4037565238e+02,4.4085274984e+02,4.4125228674e+02,4.4165147069e+02,4.4206612264e+02,4.4245831061e+02,4.4283953175e+02,4.4317729146e+02,4.4350557167e+02,4.4380592112e+02,4.4409620172e+02,4.4436229045e+02,4.4463164602e+02,4.4487131560e+02,4.4509449395e+02,4.4530306953e+02,4.4553360730e+02,4.4575143897e+02,4.4595706509e+02,4.4616774941e+02,4.4634291200e+02,4.4653061440e+02,4.4671382451e+02,4.4690471722e+02,4.4706818750e+02,4.4724381127e+02,4.4742989874e+02,4.4761648599e+02,4.4779179275e+02,4.4795466153e+02,4.4812922426e+02,4.4830899472e+02,4.4848198059e+02,4.4865416678e+02,4.4882430823e+02,4.4898825805e+02,4.4914491474e+02,4.4929752492e+02,4.4946124169e+02,4.4961808860e+02,4.4977090899e+02,4.4991089125e+02,4.5005474809e+02,4.5019403401e+02,4.5034245036e+02,4.5048417622e+02,4.5063236971e+02,4.5076662312e+02,4.5089620476e+02,4.5102411554e+02,4.5114615555e+02,4.5126208042e+02,4.5137851085e+02,4.5149415951e+02,4.5160971926e+02,4.5172415543e+02,4.5183079040e+02,4.5193183786e+02,4.5202833396e+02,4.5212045612e+02,4.5222059453e+02,4.5231448820e+02,4.5240268838e+02,4.5248562588e+02,4.5257148522e+02,4.5264325640e+02,4.5271887763e+02,4.5279431889e+02,4.5286852813e+02,4.5293725005e+02,4.5299897359e+02,4.5305733845e+02,4.5312163801e+02,4.5318299505e+02,4.5323679282e+02,4.5328626792e+02,4.5333219419e+02,4.5337901039e+02,4.5342387604e+02,4.5346578457e+02,4.5350790069e+02,4.5354524420e+02,4.5358476808e+02,4.5362007070e+02,4.5365140785e+02,4.5368183254e+02,4.5371052227e+02,4.5373871310e+02,4.5376751398e+02,4.5379642187e+02,4.5382406516e+02,4.5385108929e+02,4.5387568958e+02,4.5390168301e+02,4.5392610075e+02,4.5395043305e+02,4.5397569353e+02,4.5399889055e+02,4.5402188365e+02,4.5404637782e+02,4.5407137450e+02,4.5409588276e+02,4.5411983403e+02,4.5414412183e+02,4.5416654570e+02,4.5418903945e+02,4.5421181402e+02,4.5423622137e+02,4.5426215472e+02,4.5428762833e+02,4.5431273462e+02,4.5433684692e+02,4.5436317593e+02,4.5438838948e+02,4.5441153916e+02,4.5443737760e+02,4.5446330166e+02,4.5449062929e+02,4.5451773374e+02,4.5454230111e+02,4.5456732539e+02,4.5459538058e+02,4.5462247803e+02,4.5464946610e+02,4.5467683920e+02,4.5470280906e+02,4.5472909454e+02,4.5475591784e+02,4.5478336054e+02,4.5481178253e+02,4.5483857781e+02,4.5486485927e+02,4.5489144119e+02,4.5491851864e+02,4.5494643776e+02,4.5497315584e+02,4.5500252823e+02,4.5503142416e+02,4.5505912701e+02,4.5508706100e+02,4.5511322642e+02,4.5513731731e+02,4.5516166822e+02,4.5518859632e+02,4.5521526362e+02,4.5524128067e+02,4.5526465008e+02,4.5528763002e+02,4.5531017161e+02,4.5533261020e+02,4.5535634949e+02,4.5537943790e+02,4.5540290804e+02,4.5542488414e+02,4.5544646682e+02,4.5546643415e+02,4.5548645181e+02,4.5550573301e+02,4.5552555805e+02,4.5554646585e+02,4.5556709830e+02,4.5558678050e+02,4.5560547537e+02,4.5562471311e+02,4.5564343207e+02,4.5566176114e+02,4.5568007635e+02,4.5569748497e+02,4.5571333928e+02,4.5572956654e+02,4.5574562322e+02,4.5576263918e+02,4.5577964507e+02,4.5579489622e+02,4.5581050818e+02,4.5582577923e+02,4.5583931133e+02
-0.7644067797,4.7426931976e+02,2.5217709580e+01,6.0689381537e+01,9.7000672942e+01,1.2985403989e+02,1.5436832651e+02,1.7271516394e+02,1.8747167143e+02,2.0034819601e+02,2.1321232579e+02,2.2550964675e+02,2.3739981430e+02,2.4901434166e+02,2.5975737346e+02,2.6918410177e+02,2.7890883977e+02,2.8804644644e+02,2.9561126977e+02,3.0294134285e+02,3.1034144557e+02,3.1708733761e+02,3.2342955326e+02,3.2958744354e+02,3.3561932933e+02,3.4117129024e+02,3.4666803055e+02,3.5187447673e+02,3.5673917105e+02,3.6131022311e+02,3.6609730992e+02,3.7062477849e+02,3.7481310454e+02,3.7897913344e+02,3.8306389980e+02,3.8696052407e+02,3.9093218562e+02,3.9475538560e+02,3.9826614894e+02,4.0147962908e+02,4.0436030532e+02,4.0743101418e+02,4.1028178656e+02,4.1294281136e+02,4.1554674859e+02,4.1828292420e+02,4.2055358117e+02,4.2268189341e+02,4.2468740876e+02,4.2651950085e+02,4.2809678761e+02,4.2973000606e+02,4.3141717701e+02,4.3300585215e+02,4.3457000467e+02,4.3607530079e+02,4.3744605793e+02,4.3867871789e+02,4.3994859927e+02,4.4115620602e+02,4.4244897170e+02,4.4360321652e+02,4.4465475273e+02,4.4562708570e+02,4.4653856099e+02,4.4739943329e+02,4.4821120186e+02,4.4892712652e+02,4.4962884881e+02,4.5037040339e+02,4.5102976617e+02,4.5172653204e+02,4.5236187203e+02,4.5293250708e+02,4.5349526018e+02,4.5395495245e+02,4.5435312347e+02,4.5476203532e+02,4.5517046044e+02,4.5554474156e+02,4.5589872999e+02,4.5622794742e+02,4.5656950302e+02,4.5687592498e+02,4.5716613869e+02,4.5743288600e+02,4.5768900364e+02,4.5790237227e+02,4.5811904621e+02,4.5833033414e+02,4.5855125974e+02,4.5874407462e+02,4.5895213338e+02,4.5915210537e+02,4.5934962239e+02,4.5954670125e+02,4.5972994107e+02,4.5991710854e+02,4.6007654805e+02,4.6025290515e+02,4.6043599103e+02,4.6061853375e+02,4.6078946844e+02,4.6094953946e+02,4.6111931625e+02,4.6129216897e+02,4.6146003765e+02,4.6162772911e+02,4.6179423172e+02,4.6195336196e+02,4.6210419863e+02,4.6225023091e+02,4.6240591479e+02,4.6255468503e+02,4.6269769034e+02,4.6282712015e+02,4.6296533012e+02,4.6309883802e+02,4.6323891048e+02,4.6337292708e+02,4.6351052847e+02,4.6363458162e+02,4.6375426409e+02,4.6387348378e+02,4.6398553731e+02,4.6409040896e+02,4.6419758865e+02,4.6430458939e+02,4.6441139270e+02,4.6451452240e+02,4.6461029792e+02,4.6470118335e+02,4.6479280023e+02,4.6487561725e+02,4.6496041274e+02,4.6504139400e+02,4.6511947838e+02,4.6519310663e+02,4.6526928087e+02,4.6533490443e+02,4.6540404914e+02,4.6547226836e+02,4.6553917829e+02,4.6560209854e+02,4.6565893342e+02,4.6570974316e+02,4.6576637857e+02,4.6582132057e+02,4.6587027307e+02,4.6591492444e+02,4.6595651720e+02,4.6599953676e+02,4.6604067591e+02,4.6607887876e+02,4.6611713119e+02,4.6615143823e+02,4.6618813581e+02,4.6622032179e+02,4.6624971293e+02,4.6627878667e+02,4.6630581228e+02,4.6633241391e+02,4.6635949411e+02,4.6638723919e+02,4.6641397508e+02,4.6644080782e+02,4.6646559962e+02,4.6649184395e+02,4.6651668132e+02,4.6654127944e+02,4.6656672312e+02,4.6659096073e+02,4.6661559269e+02,4.6664176071e+02,4.6666804599e+02,4.6669317473e+02,4.6671809279e+02,4.6674352580e+02,4.6676960934e+02,4.6679692648e+02,4.6682326347e+02,4.6685016924e+02,4.6687720160e+02,4.6690193045e+02,4.6692947348e+02,4.6695922436e+02,4.6698994871e+02,4.6701910395e+02,4.6704645501e+02,4.6707616345e+02,4.6710511750e+02,4.6713501143e+02,4.6716514532e+02,4.6719277555e+02,4.6722000996e+02,4.6725048586e+02,4.6727937417e+02,4.6730777950e+02,4.6733669354e+02,4.6736462846e+02,4.6739331253e+02,4.6742270147e+02,4.6745252721e+02,4.6748244193e+02,4.6751099663e+02,4.6754009269e+02,4.6756913399e+02,4.6759640104e+02,4.6762451916e+02,4.6765156103e+02,4.6768130271e+02,4.6771103743e+02,4.6773967509e+02,4.6776941709e+02,4.6779685573e+02,4.6782137440e+02,4.6784490872e+02,4.6787138777e+02,4.6789812357e+02,4.6792407091e+02,4.6794874836e+02,4.6797222307e+02,4.6799616379e+02,4.6801847925e+02,4.6804132899e+02,4.6806294535e+02,4.6808531753e+02,4.6810649358e+02,4.6812721198e+02,4.6814683255e+02,4.6816658369e+02,4.6818576693e+02,4.6820490241e+02,4.6822448404e+02,4.6824373914e+02,4.6826272828e+02,4.6828017539e+02,4.6829761331e+02,4.6831464343e+02,4.6833198362e+02,4.6834958987e+02,4.6836665616e+02,4.6838263696e+02,4.6839829961e+02,4.6841363763e+02,4.6842969288e+02,4.6844592830e+02,4.6846042122e+02,4.6847477516e+02,4.6848839118e+02,4.6850117871e+02
-0.7559322034,4.8766547445e+02,2.6105791073e+01,6.2895859280e+01,1.0063919129e+02,1.3475221438e+02,1.6023806257e+02,1.7936025312e+02,1.9473985568e+02,2.0813078709e+02,2.2146439050e+02,2.3419781000e+02,2.4650356399e+02,2.5849903419e+02,2.6959502566e+02,2.7931354877e+02,2.8935560427e+02,2.9881002724e+02,3.0663429622e+02,3.1419711961e+02,3.2183386022e+02,3.2878267278e+02,3.3530323195e+02,3.4163201988e+02,3.4781467273e+02,3.5347885205e+02,3.5907392572e+02,3.6439670623e+02,3.6934897797e+02,3.7405008600e+02,3.7892704167e+02,3.8353946926e+02,3.8778765762e+02,3.9199934022e+02,3.9611905180e+02,4.0004368909e+02,4.0403956204e+02,4.0788021038e+02,4.1142589109e+02,4.1468106197e+02,4.1759112741e+02,4.2070022477e+02,4.2359378702e+02,4.2627908386e+02,4.2891633801e+02,4.3169843404e+02,4.3399629396e+02,4.3614589241e+02,4.3818668759e+02,4.4004496806e+02,4.4162643217e+02,4.4330836980e+02,4.4502228989e+02,4.4662386769e+02,4.4818810584e+02,4.4969733687e+02,4.5106088799e+02,4.5229191260e+02,4.5356906861e+02,4.5477965332e+02,4.5606981627e+02,4.5722425976e+02,4.5827609299e+02,4.5924667587e+02,4.6014739326e+02,4.6099641998e+02,4.6180207829e+02,4.6251964369e+02,4.6322787995e+02,4.6396799186e+02,4.6462861448e+02,4.6532613404e+02,4.6595619741e+02,4.6652154895e+02,4.6707088424e+02,4.6751225507e+02,4.6791467693e+02,4.6832855739e+02,4.6872619513e+02,4.6908734861e+02,4.6943387675e+02,4.6976869842e+02,4.7011177939e+02,4.7041157395e+02,4.7067989360e+02,4.7092419579e+02,4.7116300740e+02,4.7138495507e+02,4.7161746363e+02,4.7183053310e+02,4.7204477781e+02,4.7223436035e+02,4.7244381278e+02,4.7264159022e+02,4.7283765431e+02,4.7303105020e+02,4.7320858098e+02,4.7339173729e+02,4.7354648612e+02,4.7372080785e+02,4.7390091721e+02,4.7408015065e+02,4.7424810197e+02,4.7440719204e+02,4.7457255560e+02,4.7473826490e+02,4.7489931898e+02,4.7506121833e+02,4.7522290583e+02,4.7537698927e+02,4.7552269814e+02,4.7566435465e+02,4.7581384225e+02,4.7595663905e+02,4.7609248474e+02,4.7621332419e+02,4.7634486292e+02,4.7647429037e+02,4.7660874332e+02,4.7673769898e+02,4.7686898684e+02,4.7698298861e+02,4.7708759039e+02,4.7719340784e+02,4.7729712840e+02,4.7739547129e+02,4.7749390957e+02,4.7759139339e+02,4.7768991746e+02,4.7778359988e+02,4.7786849225e+02,4.7794614265e+02,4.7802699490e+02,4.7810485996e+02,4.7818411196e+02,4.7825689386e+02,4.7832566214e+02,4.7839078864e+02,4.7846067805e+02,4.7852498330e+02,4.7859045418e+02,4.7865262025e+02,4.7870956274e+02,4.7876412319e+02,4.7881473906e+02,4.7886483459e+02,4.7891814388e+02,4.7896810050e+02,4.7901275251e+02,4.7905439711e+02,4.7909393664e+02,4.7913371545e+02,4.7917112075e+02,4.7920688962e+02,4.7924237290e+02,4.7927476571e+02,4.7930968194e+02,4.7934029839e+02,4.7937044629e+02,4.7939996701e+02,4.7942661782e+02,4.7945233523e+02,4.7947887445e+02,4.7950701827e+02,4.7953419735e+02,4.7956160515e+02,4.7958710152e+02,4.7961459873e+02,4.7964133072e+02,4.7966765703e+02,4.7969457866e+02,4.7972035390e+02,4.7974670956e+02,4.7977419509e+02,4.7980124146e+02,4.7982826329e+02,4.7985717791e+02,4.7988698418e+02,4.7991736894e+02,4.7994870570e+02,4.7997821977e+02,4.8000874748e+02,4.8004027543e+02,4.8006883048e+02,4.8009914812e+02,4.8013125310e+02,4.8016346256e+02,4.8019279663e+02,4.8022264361e+02,4.8025419414e+02,4.8028695230e+02,4.8032030764e+02,4.8035378540e+02,4.8038545556e+02,4.8041668053e+02,4.8045080811e+02,4.8048355382e+02,4.8051230259e+02,4.8054168591e+02,4.8057100624e+02,4.8060195052e+02,4.8063247338e+02,4.8066107519e+02,4.8069023700e+02,4.8071833946e+02,4.8074717383e+02,4.8077633800e+02,4.8080496995e+02,4.8083486990e+02,4.8086341890e+02,4.8089266047e+02,4.8092220199e+02,4.8095016505e+02,4.8097874235e+02,4.8100304403e+02,4.8102800475e+02,4.8105388323e+02,4.8108047692e+02,4.8110667942e+02,4.8113134253e+02,4.8115356044e+02,4.8117414373e+02,4.8119721289e+02,4.8122063313e+02,4.8124488560e+02,4.8126744411e+02,4.8129015172e+02,4.8131085806e+02,4.8133081452e+02,4.8135004157e+02,4.8136883386e+02,4.8138725061e+02,4.8140520780e+02,4.8142303342e+02,4.8144048335e+02,4.8145817691e+02,4.8147581408e+02,4.8149383504e+02,4.8151140256e+02,4.8152889459e+02,4.8154579162e+02,4.8156187561e+02,4.8157716013e+02,4.8159308612e+02,4.8160892830e+02,4.8162490859e+02,4.8164104117e+02,4.8165515788e+02,4.8166890705e+02,4.8168298255e+02,4.8169649971e+02
-0.7474576271,5.0166158598e+02,2.7030916344e+01,6.5197213757e+01,1.0443997495e+02,1.3987114555e+02,1.6637689148e+02,1.8631740685e+02,2.0235610075e+02,2.1629095984e+02,2.3011997250e+02,2.4331270798e+02,2.5605560155e+02,2.6844947537e+02,2.7991398234e+02,2.8993737439e+02,3.0031151364e+02,3.1009765117e+02,3.1819321192e+02,3.2599811573e+02,3.3387977175e+02,3.4103970689e+02,3.4774577539e+02,3.5425172357e+02,3.6058930323e+02,3.6636756014e+02,3.7206307932e+02,3.7750799274e+02,3.8255459220e+02,3.8738758490e+02,3.9235355608e+02,3.9705136923e+02,4.0135867640e+02,4.0561535418e+02,4.0976724017e+02,4.1371490248e+02,4.1773134306e+02,4.2158679302e+02,4.2516655755e+02,4.2846290659e+02,4.3140101688e+02,4.3454496869e+02,4.3747749106e+02,4.4018573009e+02,4.4285444274e+02,4.4567913616e+02,4.4800641729e+02,4.5017908874e+02,4.5225146460e+02,4.5413088200e+02,4.5572040732e+02,4.5745002187e+02,4.5918747726e+02,4.6079936327e+02,4.6236151095e+02,4.6387237693e+02,4.6522795496e+02,4.6645536483e+02,4.6773534017e+02,4.6894613271e+02,4.7023184262e+02,4.7138799448e+02,4.7244161876e+02,4.7340610087e+02,4.7428753528e+02,4.7511997729e+02,4.7592211832e+02,4.7664494209e+02,4.7735349576e+02,4.7808712436e+02,4.7874551429e+02,4.7944093977e+02,4.8006387298e+02,4.8062254264e+02,4.8115735686e+02,4.8158558886e+02,4.8199157859e+02,4.8240503277e+02,4.8279318905e+02,4.8314701389e+02,4.8349009792e+02,4.8382467606e+02,4.8416209091e+02,4.8444353825e+02,4.8468401417e+02,4.8493918999e+02,4.8518974270e+02,4.8541521661e+02,4.8564246922e+02,4.8584908736e+02,4.8605485501e+02,4.8624164849e+02,4.8645238054e+02,4.8664963319e+02,4.8684252142e+02,4.8703262353e+02,4.8720448721e+02,4.8738455200e+02,4.8753600595e+02,4.8770859001e+02,4.8788652270e+02,4.8806323910e+02,4.8822946246e+02,4.8839068557e+02,4.8855676280e+02,4.8872050274e+02,4.8887236554e+02,4.8902426177e+02,4.8917806557e+02,4.8932578807e+02,4.8946572996e+02,4.8960364618e+02,4.8974678428e+02,4.8988330760e+02,4.9001419646e+02,4.9013330147e+02,4.9025775949e+02,4.9037623243e+02,4.9050051546e+02,4.9062270083e+02,4.9074257545e+02,4.9084850131e+02,4.9094975775e+02,4.9105263319e+02,4.9114785194e+02,4.9123667568e+02,4.9132823341e+02,4.9141951690e+02,4.9151071645e+02,4.9159571828e+02,4.9167294183e+02,4.9174504421e+02,4.9182059798e+02,4.9189197578e+02,4.9196310960e+02,4.9202880287e+02,4.9209227695e+02,4.9215246735e+02,4.9221623790e+02,4.9227720690e+02,4.9233977626e+02,4.9239913461e+02,4.9245238370e+02,4.9250469573e+02,4.9255321174e+02,4.9259832707e+02,4.9264657652e+02,4.9269220402e+02,4.9273487091e+02,4.9277636161e+02,4.9281436100e+02,4.9285067095e+02,4.9288602124e+02,4.9292135416e+02,4.9295610960e+02,4.9298839988e+02,4.9302323209e+02,4.9305394762e+02,4.9308450061e+02,4.9311450345e+02,4.9314209767e+02,4.9316923868e+02,4.9319718489e+02,4.9322624328e+02,4.9325424728e+02,4.9328266470e+02,4.9331037619e+02,4.9334097235e+02,4.9337127361e+02,4.9340001154e+02,4.9342865444e+02,4.9345667274e+02,4.9348626180e+02,4.9351749708e+02,4.9354823744e+02,4.9357818660e+02,4.9361006635e+02,4.9364321415e+02,4.9367668218e+02,4.9371154700e+02,4.9374373054e+02,4.9377726169e+02,4.9381245056e+02,4.9384504507e+02,4.9388024486e+02,4.9391614480e+02,4.9395241039e+02,4.9398506762e+02,4.9401538896e+02,4.9404786059e+02,4.9408224330e+02,4.9411707473e+02,4.9415142110e+02,4.9418385991e+02,4.9421490533e+02,4.9424729626e+02,4.9427789521e+02,4.9430984126e+02,4.9434197910e+02,4.9437396856e+02,4.9440689732e+02,4.9443991296e+02,4.9446920871e+02,4.9449838296e+02,4.9452537803e+02,4.9455346819e+02,4.9458278715e+02,4.9461085365e+02,4.9464065136e+02,4.9467027988e+02,4.9469700878e+02,4.9472435409e+02,4.9474996311e+02,4.9477783814e+02,4.9480280779e+02,4.9482747949e+02,4.9485263093e+02,4.9487752436e+02,4.9490292145e+02,4.9492729196e+02,4.9495111691e+02,4.9497225757e+02,4.9499413181e+02,4.9501547546e+02,4.9503823443e+02,4.9505978189e+02,4.9508202399e+02,4.9510269589e+02,4.9512339457e+02,4.9514318485e+02,4.9516109987e+02,4.9517910103e+02,4.9519695946e+02,4.9521537492e+02,4.9523262566e+02,4.9524943804e+02,4.9526680561e+02,4.9528487903e+02,4.9530309589e+02,4.9532176289e+02,4.9533992862e+02,4.9535706014e+02,4.9537307571e+02,4.9538883051e+02,4.9540466189e+02,4.9542055620e+02,4.9543687291e+02,4.9545106450e+02,4.9546531846e+02,4.9548064374e+02,4.9549500616e+02
-0.7389830508,5.1633314592e+02,2.7994817061e+01,6.7597934293e+01,1.0841100211e+02,1.4522188883e+02,1.7279868546e+02,1.9360336198e+02,2.1033972152e+02,2.2485026379e+02,2.3920272142e+02,2.5287988852e+02,2.6608324374e+02,2.7889441986e+02,2.9074426897e+02,3.0108682370e+02,3.1180921645e+02,3.2194324538e+02,3.3032288244e+02,3.3837997703e+02,3.4651558483e+02,3.5389577076e+02,3.6079540178e+02,3.6748553058e+02,3.7398285951e+02,3.7987765772e+02,3.8567673702e+02,3.9125085068e+02,3.9639931454e+02,4.0136548946e+02,4.0642021578e+02,4.1120450940e+02,4.1557093745e+02,4.1987256248e+02,4.2405441908e+02,4.2802056731e+02,4.3205452784e+02,4.3592284863e+02,4.3953602988e+02,4.4287289584e+02,4.4583818519e+02,4.4901400449e+02,4.5198160765e+02,4.5471138401e+02,4.5740964349e+02,4.6027401111e+02,4.6263309943e+02,4.6483004521e+02,4.6693015562e+02,4.6882657335e+02,4.7042915206e+02,4.7220450068e+02,4.7396282266e+02,4.7558292459e+02,4.7714137602e+02,4.7865206834e+02,4.7999913397e+02,4.8122109997e+02,4.8249999193e+02,4.8370843135e+02,4.8498628311e+02,4.8614298687e+02,4.8719917795e+02,4.8815805520e+02,4.8901387112e+02,4.8982771765e+02,4.9063395908e+02,4.9136770050e+02,4.9206992179e+02,4.9278980569e+02,4.9344092226e+02,4.9413147200e+02,4.9474622980e+02,4.9529826428e+02,4.9582043291e+02,4.9624024238e+02,4.9664598125e+02,4.9705739452e+02,4.9744028531e+02,4.9778828717e+02,4.9812627460e+02,4.9845693751e+02,4.9878424853e+02,4.9904414237e+02,4.9928279498e+02,4.9955039628e+02,4.9980116476e+02,5.0002426295e+02,5.0024678457e+02,5.0044931536e+02,5.0064884053e+02,5.0083452981e+02,5.0104655946e+02,5.0124346667e+02,5.0143517803e+02,5.0162448475e+02,5.0179198470e+02,5.0196926974e+02,5.0211882906e+02,5.0229134186e+02,5.0246800396e+02,5.0264162686e+02,5.0280405328e+02,5.0296422266e+02,5.0312981521e+02,5.0329392169e+02,5.0344366506e+02,5.0359080524e+02,5.0373819703e+02,5.0388070076e+02,5.0401594540e+02,5.0415025887e+02,5.0428697909e+02,5.0441666963e+02,5.0454217653e+02,5.0466185655e+02,5.0478612456e+02,5.0489575558e+02,5.0500733496e+02,5.0512298812e+02,5.0523473230e+02,5.0533625085e+02,5.0543336034e+02,5.0553145398e+02,5.0562134082e+02,5.0570381910e+02,5.0578814025e+02,5.0587201210e+02,5.0595504012e+02,5.0603251426e+02,5.0610565365e+02,5.0617544621e+02,5.0624668809e+02,5.0631281969e+02,5.0637978877e+02,5.0644338926e+02,5.0650823031e+02,5.0656882319e+02,5.0662909714e+02,5.0668693905e+02,5.0674214040e+02,5.0679604436e+02,5.0684494541e+02,5.0689729649e+02,5.0694875382e+02,5.0699368135e+02,5.0703634350e+02,5.0707880263e+02,5.0712106663e+02,5.0716387346e+02,5.0720534601e+02,5.0724584880e+02,5.0728330086e+02,5.0731698418e+02,5.0735075318e+02,5.0738365447e+02,5.0741753747e+02,5.0744880257e+02,5.0747595894e+02,5.0750523134e+02,5.0753493064e+02,5.0756496766e+02,5.0759558500e+02,5.0762637500e+02,5.0765703876e+02,5.0768902431e+02,5.0771947256e+02,5.0775302290e+02,5.0778750278e+02,5.0781974366e+02,5.0785108721e+02,5.0788180748e+02,5.0791495605e+02,5.0794997955e+02,5.0798433164e+02,5.0801711644e+02,5.0805184716e+02,5.0808777993e+02,5.0812400418e+02,5.0816274871e+02,5.0819933152e+02,5.0823763503e+02,5.0827782468e+02,5.0831422236e+02,5.0835030913e+02,5.0838624065e+02,5.0842437815e+02,5.0846113964e+02,5.0849501775e+02,5.0852863093e+02,5.0856170598e+02,5.0859612993e+02,5.0863068665e+02,5.0866369828e+02,5.0869524364e+02,5.0872704996e+02,5.0875587004e+02,5.0878504865e+02,5.0881622343e+02,5.0884711126e+02,5.0887874205e+02,5.0891010245e+02,5.0893695215e+02,5.0896494581e+02,5.0899238320e+02,5.0902127572e+02,5.0904983187e+02,5.0907630344e+02,5.0910482639e+02,5.0913381977e+02,5.0916031762e+02,5.0918759134e+02,5.0921235162e+02,5.0923906521e+02,5.0926337359e+02,5.0928876955e+02,5.0931459542e+02,5.0933889958e+02,5.0936415010e+02,5.0938880265e+02,5.0941373304e+02,5.0943673349e+02,5.0945986021e+02,5.0948038676e+02,5.0950296116e+02,5.0952464201e+02,5.0954604311e+02,5.0956634956e+02,5.0958696194e+02,5.0960724801e+02,5.0962576740e+02,5.0964474538e+02,5.0966344077e+02,5.0968324742e+02,5.0970150579e+02,5.0971896062e+02,5.0973676752e+02,5.0975593264e+02,5.0977540151e+02,5.0979519744e+02,5.0981371824e+02,5.0983103196e+02,5.0984849270e+02,5.0986676653e+02,5.0988455444e+02,5.0990143729e+02,5.0991938029e+02,5.0993622952e+02,5.0995197195e+02,5.0996714098e+02,5.0998218920e+02
-0.7305084746,5.3176870029e+02,2.8999310702e+01,7.0102722026e+01,1.1256063761e+02,1.5081605146e+02,1.7951804336e+02,2.0123579267e+02,2.1871117821e+02,2.3383159408e+02,2.4873784246e+02,2.6292665173e+02,2.7661574715e+02,2.8986473618e+02,3.0211819374e+02,3.1279559794e+02,3.2388401272e+02,3.3438356166e+02,3.4306112695e+02,3.5138142959e+02,3.5978094426e+02,3.6739161383e+02,3.7449391324e+02,3.8137614811e+02,3.8803887542e+02,3.9405346222e+02,3.9996045494e+02,4.0567227016e+02,4.1093093129e+02,4.1603132109e+02,4.2117532107e+02,4.2604800752e+02,4.3047444883e+02,4.3482175605e+02,4.3903215941e+02,4.4301293268e+02,4.4706211298e+02,4.5094212510e+02,4.5458833433e+02,4.5796523515e+02,4.6095759208e+02,4.6416294190e+02,4.6716181529e+02,4.6991176831e+02,4.7263785590e+02,4.7553955582e+02,4.7793306175e+02,4.8015514885e+02,4.8227924487e+02,4.8418958538e+02,4.8581099442e+02,4.8762975922e+02,4.8940699068e+02,4.9103386943e+02,4.9258776513e+02,4.9409716002e+02,4.9543558004e+02,4.9665087308e+02,4.9792564244e+02,4.9912965669e+02,5.0039536866e+02,5.0154940873e+02,5.0260599781e+02,5.0355992472e+02,5.0438815780e+02,5.0518962256e+02,5.0600883844e+02,5.0676363379e+02,5.0746243634e+02,5.0815822143e+02,5.0879047522e+02,5.0947198465e+02,5.1007813588e+02,5.1062472329e+02,5.1113849886e+02,5.1155336158e+02,5.1195453380e+02,5.1236498979e+02,5.1274975020e+02,5.1309307392e+02,5.1342283458e+02,5.1374587179e+02,5.1406141801e+02,5.1431050462e+02,5.1455612032e+02,5.1482367891e+02,5.1506654791e+02,5.1528706854e+02,5.1550883435e+02,5.1571387257e+02,5.1591309698e+02,5.1609794477e+02,5.1630577144e+02,5.1649682076e+02,5.1669677507e+02,5.1689049319e+02,5.1705926058e+02,5.1723487305e+02,5.1738173901e+02,5.1755666966e+02,5.1773419087e+02,5.1790670759e+02,5.1806780222e+02,5.1822875313e+02,5.1839405588e+02,5.1855831523e+02,5.1870695295e+02,5.1885255760e+02,5.1899581974e+02,5.1913425159e+02,5.1926555699e+02,5.1939671799e+02,5.1952797521e+02,5.1965226675e+02,5.1977306109e+02,5.1989048156e+02,5.2001244595e+02,5.2011787038e+02,5.2022323025e+02,5.2033515416e+02,5.2044058261e+02,5.2053728884e+02,5.2062962564e+02,5.2072269304e+02,5.2080830352e+02,5.2088701950e+02,5.2096543530e+02,5.2104351151e+02,5.2112119496e+02,5.2119440903e+02,5.2126365428e+02,5.2132839982e+02,5.2139401371e+02,5.2145784318e+02,5.2152281075e+02,5.2158134098e+02,5.2163743165e+02,5.2169445785e+02,5.2175518978e+02,5.2181393166e+02,5.2187208285e+02,5.2192694624e+02,5.2197931165e+02,5.2203327854e+02,5.2208431814e+02,5.2212835813e+02,5.2217211103e+02,5.2221555485e+02,5.2225891355e+02,5.2230285348e+02,5.2234563036e+02,5.2238737027e+02,5.2242507735e+02,5.2245874501e+02,5.2249325654e+02,5.2252595651e+02,5.2256027639e+02,5.2259288128e+02,5.2262771465e+02,5.2266376117e+02,5.2269873771e+02,5.2273322209e+02,5.2276773983e+02,5.2280128905e+02,5.2283626810e+02,5.2287454478e+02,5.2290954203e+02,5.2294487476e+02,5.2298307387e+02,5.2302041832e+02,5.2305744580e+02,5.2309181729e+02,5.2312580721e+02,5.2316206153e+02,5.2319879664e+02,5.2323509152e+02,5.2327383105e+02,5.2331292343e+02,5.2335072044e+02,5.2339241716e+02,5.2343225357e+02,5.2347240802e+02,5.2351306270e+02,5.2354871455e+02,5.2358574238e+02,5.2362354471e+02,5.2366258931e+02,5.2369987201e+02,5.2373478554e+02,5.2376940895e+02,5.2380239513e+02,5.2383375349e+02,5.2386336233e+02,5.2389412021e+02,5.2392552089e+02,5.2395912296e+02,5.2399064346e+02,5.2401931728e+02,5.2404903383e+02,5.2407737086e+02,5.2410651092e+02,5.2413658061e+02,5.2416344529e+02,5.2419117271e+02,5.2421748685e+02,5.2424529052e+02,5.2427375391e+02,5.2430026083e+02,5.2432656080e+02,5.2435374669e+02,5.2437886801e+02,5.2440617327e+02,5.2443184079e+02,5.2445821243e+02,5.2448168987e+02,5.2450743549e+02,5.2453464323e+02,5.2455958190e+02,5.2458540079e+02,5.2460996451e+02,5.2463269388e+02,5.2465435325e+02,5.2467844333e+02,5.2470182572e+02,5.2472633585e+02,5.2474988476e+02,5.2477261774e+02,5.2479431738e+02,5.2481624976e+02,5.2483752231e+02,5.2485743015e+02,5.2487857826e+02,5.2489907888e+02,5.2492067886e+02,5.2494077917e+02,5.2496083342e+02,5.2498023125e+02,5.2500001803e+02,5.2502034092e+02,5.2504127824e+02,5.2506099652e+02,5.2507979916e+02,5.2509870155e+02,5.2511874316e+02,5.2513873221e+02,5.2515782640e+02,5.2517755413e+02,5.2519484295e+02,5.2521110010e+02,5.2522913785e+02,5.2524680994e+02
-0.7220338983,5.4807145277e+02,3.0046304713e+01,7.2716497573e+01,1.1689764582e+02,1.5666581184e+02,1.8655031930e+02,2.0923335418e+02,2.2749213716e+02,2.4325927158e+02,2.5875219905e+02,2.7348217411e+02,2.8768445300e+02,3.0139357369e+02,3.1407053808e+02,3.2510006980e+02,3.3657409535e+02,3.4745844129e+02,3.5644900321e+02,3.6504458853e+02,3.7371907432e+02,3.8157177476e+02,3.8888709424e+02,3.9597043938e+02,4.0280523490e+02,4.0894385341e+02,4.1496461626e+02,4.2082424903e+02,4.2620230730e+02,4.3143797937e+02,4.3667275697e+02,4.4163674741e+02,4.4612514897e+02,4.5051985891e+02,4.5475841273e+02,4.5875088753e+02,4.6281389623e+02,4.6670524002e+02,4.7038456847e+02,4.7380154212e+02,4.7682184845e+02,4.8005518920e+02,4.8308180891e+02,4.8585081550e+02,4.8860344591e+02,4.9154089661e+02,4.9397174160e+02,4.9621974391e+02,4.9836444765e+02,5.0028702347e+02,5.0193351307e+02,5.0379344306e+02,5.0558853346e+02,5.0722162358e+02,5.0877110529e+02,5.1027903416e+02,5.1160937905e+02,5.1281774003e+02,5.1408651924e+02,5.1528496396e+02,5.1653486189e+02,5.1768284115e+02,5.1873467242e+02,5.1967854928e+02,5.2048449981e+02,5.2128832668e+02,5.2211598510e+02,5.2288911168e+02,5.2360617059e+02,5.2428954985e+02,5.2488889562e+02,5.2555362766e+02,5.2615047625e+02,5.2669293731e+02,5.2720455347e+02,5.2761945777e+02,5.2801067641e+02,5.2842194782e+02,5.2882310567e+02,5.2918085681e+02,5.2950902334e+02,5.2979921000e+02,5.3009701809e+02,5.3035633971e+02,5.3061040594e+02,5.3087035051e+02,5.3110141399e+02,5.3131930488e+02,5.3154162880e+02,5.3175025762e+02,5.3195199865e+02,5.3213965309e+02,5.3234442479e+02,5.3253426939e+02,5.3274294487e+02,5.3294104569e+02,5.3311157778e+02,5.3328939897e+02,5.3343645593e+02,5.3361199729e+02,5.3378976074e+02,5.3396128093e+02,5.3412388734e+02,5.3428894866e+02,5.3445586605e+02,5.3462180788e+02,5.3477236198e+02,5.3492240707e+02,5.3506859228e+02,5.3520702857e+02,5.3533891781e+02,5.3546542491e+02,5.3558956152e+02,5.3570547188e+02,5.3581335353e+02,5.3592242174e+02,5.3604395130e+02,5.3615474908e+02,5.3626415977e+02,5.3637584893e+02,5.3647625904e+02,5.3656434124e+02,5.3664922026e+02,5.3673690997e+02,5.3682010657e+02,5.3689826373e+02,5.3697310547e+02,5.3704576376e+02,5.3711895119e+02,5.3718919191e+02,5.3725686549e+02,5.3732079802e+02,5.3738531235e+02,5.3744746911e+02,5.3751201072e+02,5.3757415716e+02,5.3763821708e+02,5.3769564218e+02,5.3774925801e+02,5.3780743777e+02,5.3786618121e+02,5.3792536459e+02,5.3797698329e+02,5.3802928192e+02,5.3807979017e+02,5.3812450225e+02,5.3817138586e+02,5.3821777460e+02,5.3826183440e+02,5.3830593064e+02,5.3834851645e+02,5.3838727378e+02,5.3842357794e+02,5.3846269697e+02,5.3850285551e+02,5.3854070047e+02,5.3858185862e+02,5.3862103223e+02,5.3866068025e+02,5.3870002247e+02,5.3873797681e+02,5.3877778476e+02,5.3881838265e+02,5.3885789646e+02,5.3889736094e+02,5.3893816256e+02,5.3897744415e+02,5.3901904590e+02,5.3906140212e+02,5.3910097996e+02,5.3913980892e+02,5.3917870457e+02,5.3921941919e+02,5.3926131598e+02,5.3930224806e+02,5.3934191796e+02,5.3938291396e+02,5.3942521582e+02,5.3946173372e+02,5.3950130227e+02,5.3954121358e+02,5.3958005237e+02,5.3961860388e+02,5.3965354112e+02,5.3969143753e+02,5.3972877811e+02,5.3976577217e+02,5.3980033782e+02,5.3983304887e+02,5.3986533977e+02,5.3989609246e+02,5.3992547054e+02,5.3995538684e+02,5.3998626025e+02,5.4001541310e+02,5.4004621890e+02,5.4007589355e+02,5.4010638998e+02,5.4013636215e+02,5.4016513166e+02,5.4019280272e+02,5.4022074207e+02,5.4024837335e+02,5.4027786458e+02,5.4030516018e+02,5.4033243199e+02,5.4035943844e+02,5.4038404890e+02,5.4040925574e+02,5.4043673965e+02,5.4046327366e+02,5.4049239202e+02,5.4051899714e+02,5.4054472345e+02,5.4056924478e+02,5.4059621163e+02,5.4062532631e+02,5.4065151507e+02,5.4067898504e+02,5.4070538902e+02,5.4073049951e+02,5.4075306062e+02,5.4077802534e+02,5.4080287222e+02,5.4082833430e+02,5.4085315313e+02,5.4087652016e+02,5.4089891993e+02,5.4092219082e+02,5.4094644079e+02,5.4096928745e+02,5.4099271158e+02,5.4101501471e+02,5.4103738319e+02,5.4105770850e+02,5.4108009046e+02,5.4110318432e+02,5.4112535140e+02,5.4114687427e+02,5.4116834311e+02,5.4118963471e+02,5.4121074033e+02,5.4123176632e+02,5.4125340100e+02,5.4127513094e+02,5.4129562377e+02,5.4131599371e+02,5.4133452773e+02,5.4135301013e+02,5.4137264291e+02,5.4139204558e+02
-0.7135593220,5.6536102959e+02,3.1137800817e+01,7.5444408520e+01,1.2143120283e+02,1.6278393779e+02,1.9391165018e+02,2.1761572611e+02,2.3670553219e+02,2.5315912529e+02,2.6927442010e+02,2.8457763933e+02,2.9932294089e+02,3.1351654129e+02,3.2663876208e+02,3.3803951715e+02,3.4992081353e+02,3.6121110690e+02,3.7053112380e+02,3.7941529957e+02,3.8837715368e+02,3.9648499200e+02,4.0402515443e+02,4.1131989732e+02,4.1833468084e+02,4.2460282010e+02,4.3074500812e+02,4.3676439423e+02,4.4227206011e+02,4.4764444652e+02,4.5297272457e+02,4.5803214913e+02,4.6258569970e+02,4.6703075399e+02,4.7129837469e+02,4.7530085691e+02,4.7937738885e+02,4.8328063802e+02,4.8699392868e+02,4.9045187053e+02,4.9350222381e+02,4.9676302326e+02,4.9981446821e+02,5.0260189631e+02,5.0538044701e+02,5.0835301073e+02,5.1082453544e+02,5.1309935672e+02,5.1526194695e+02,5.1719676034e+02,5.1887483813e+02,5.2077429059e+02,5.2258735073e+02,5.2422724547e+02,5.2577376981e+02,5.2728134490e+02,5.2860526739e+02,5.2980773303e+02,5.3107014817e+02,5.3226332130e+02,5.3349606994e+02,5.3463693954e+02,5.3568043509e+02,5.3660870092e+02,5.3740341949e+02,5.3821825356e+02,5.3903918466e+02,5.3980224970e+02,5.4051080644e+02,5.4118725046e+02,5.4179610693e+02,5.4246136196e+02,5.4305347222e+02,5.4359668179e+02,5.4411122460e+02,5.4454061682e+02,5.4492610977e+02,5.4532731920e+02,5.4572349019e+02,5.4608274404e+02,5.4642106381e+02,5.4672507316e+02,5.4702708828e+02,5.4728543096e+02,5.4753520186e+02,5.4778930825e+02,5.4801623074e+02,5.4823934270e+02,5.4846559124e+02,5.4867890555e+02,5.4888417128e+02,5.4907713063e+02,5.4928183703e+02,5.4947632041e+02,5.4969510792e+02,5.4989882296e+02,5.5007241829e+02,5.5025559001e+02,5.5040553265e+02,5.5058137841e+02,5.5075998143e+02,5.5093210752e+02,5.5109906493e+02,5.5126978172e+02,5.5143838490e+02,5.5160452281e+02,5.5175376590e+02,5.5190363992e+02,5.5204945142e+02,5.5218713333e+02,5.5231421153e+02,5.5243858753e+02,5.5255888457e+02,5.5267294941e+02,5.5278325061e+02,5.5289040279e+02,5.5300665141e+02,5.5311217807e+02,5.5322281036e+02,5.5333218095e+02,5.5342891811e+02,5.5352239454e+02,5.5361069409e+02,5.5369655504e+02,5.5377588915e+02,5.5385158320e+02,5.5392340657e+02,5.5399630655e+02,5.5406837506e+02,5.5413679202e+02,5.5420175478e+02,5.5426377151e+02,5.5432770342e+02,5.5439246230e+02,5.5445673834e+02,5.5451381909e+02,5.5456956119e+02,5.5463246924e+02,5.5469770690e+02,5.5475925207e+02,5.5481980690e+02,5.5487898948e+02,5.5493263002e+02,5.5498518253e+02,5.5503549942e+02,5.5508935466e+02,5.5514161840e+02,5.5519082856e+02,5.5524221264e+02,5.5529335998e+02,5.5534105075e+02,5.5538496308e+02,5.5542582638e+02,5.5546760139e+02,5.5551079493e+02,5.5555443684e+02,5.5560160600e+02,5.5564673203e+02,5.5569171688e+02,5.5573603478e+02,5.5578090140e+02,5.5582802262e+02,5.5587433784e+02,5.5591799390e+02,5.5596176275e+02,5.5600685054e+02,5.5605111526e+02,5.5609661053e+02,5.5614104784e+02,5.5618266844e+02,5.5622413056e+02,5.5626625734e+02,5.5630946892e+02,5.5635254649e+02,5.5639336354e+02,5.5643199026e+02,5.5647048373e+02,5.5650981838e+02,5.5654946973e+02,5.5659270892e+02,5.5663235975e+02,5.5667050768e+02,5.5670996864e+02,5.5674547293e+02,5.5678175324e+02,5.5681595109e+02,5.5685016673e+02,5.5688311467e+02,5.5691521690e+02,5.5694578824e+02,5.5697454605e+02,5.5700413762e+02,5.5703430352e+02,5.5706436914e+02,5.5709256875e+02,5.5712214333e+02,5.5715069903e+02,5.5717922153e+02,5.5720603330e+02,5.5723550935e+02,5.5726503859e+02,5.5729518180e+02,5.5732444887e+02,5.5735459912e+02,5.5738253571e+02,5.5740948246e+02,5.5743554280e+02,5.5746037007e+02,5.5748605489e+02,5.5751400366e+02,5.5754141241e+02,5.5757187609e+02,5.5760088681e+02,5.5762812197e+02,5.5765488050e+02,5.5768182026e+02,5.5771210494e+02,5.5773977012e+02,5.5776865762e+02,5.5779594466e+02,5.5782147538e+02,5.5784535600e+02,5.5787305898e+02,5.5790053960e+02,5.5792751924e+02,5.5795335885e+02,5.5797676818e+02,5.5800168686e+02,5.5802851139e+02,5.5805610004e+02,5.5808239615e+02,5.5810783637e+02,5.5813123820e+02,5.5815485902e+02,5.5817810575e+02,5.5820222223e+02,5.5822670305e+02,5.5824881873e+02,5.5827118524e+02,5.5829273904e+02,5.5831426562e+02,5.5833627999e+02,5.5835913649e+02,5.5838147262e+02,5.5840337231e+02,5.5842411105e+02,5.5844495148e+02,5.5846540818e+02,5.5848532708e+02,5.5850509994e+02,5.5852529988e+02
-0.7050847458,5.8377555287e+02,3.2275899476e+01,7.8291836631e+01,1.2617090746e+02,1.6918380311e+02,2.0161898126e+02,2.2640365440e+02,2.4637562567e+02,2.6355857644e+02,2.8033501143e+02,2.9624637556e+02,3.1156719125e+02,3.2627189764e+02,3.3986322463e+02,3.5165637486e+02,3.6396895746e+02,3.7568847770e+02,3.8535599865e+02,3.9454351232e+02,4.0380672808e+02,4.1218465771e+02,4.1996321962e+02,4.2748117190e+02,4.3468538297e+02,4.4109007133e+02,4.4736346480e+02,4.5355660059e+02,4.5920532107e+02,4.6471658090e+02,4.7014256747e+02,4.7530304157e+02,4.7992638705e+02,4.8442621905e+02,4.8872546083e+02,4.9273781584e+02,4.9682885332e+02,5.0074568018e+02,5.0449485213e+02,5.0799584440e+02,5.1107977620e+02,5.1436879120e+02,5.1744316529e+02,5.2024918822e+02,5.2305391407e+02,5.2606208501e+02,5.2857818598e+02,5.3088110665e+02,5.3305991279e+02,5.3500898860e+02,5.3672529819e+02,5.3866373358e+02,5.4049632553e+02,5.4214511949e+02,5.4369181591e+02,5.4520179933e+02,5.4652247167e+02,5.4772167883e+02,5.4897914324e+02,5.5016919894e+02,5.5138674935e+02,5.5252278689e+02,5.5355887258e+02,5.5447169551e+02,5.5526405757e+02,5.5609049925e+02,5.5690064946e+02,5.5764980030e+02,5.5834973314e+02,5.5903138517e+02,5.5965950618e+02,5.6032891929e+02,5.6092019827e+02,5.6146607340e+02,5.6197974274e+02,5.6241320236e+02,5.6280262168e+02,5.6320992835e+02,5.6360951345e+02,5.6397622011e+02,5.6431987276e+02,5.6462203524e+02,5.6491234708e+02,5.6518480597e+02,5.6546118489e+02,5.6573624687e+02,5.6597155295e+02,5.6619321035e+02,5.6642054958e+02,5.6663996428e+02,5.6685432028e+02,5.6705798676e+02,5.6726686797e+02,5.6746733162e+02,5.6769558910e+02,5.6790655774e+02,5.6808527554e+02,5.6827691431e+02,5.6843274723e+02,5.6860924260e+02,5.6879037687e+02,5.6896609200e+02,5.6913919306e+02,5.6931511784e+02,5.6948355563e+02,5.6964600788e+02,5.6979233793e+02,5.6994409356e+02,5.7009159275e+02,5.7023343296e+02,5.7036153092e+02,5.7049115053e+02,5.7061219476e+02,5.7072368147e+02,5.7083292898e+02,5.7094227641e+02,5.7106047650e+02,5.7116794695e+02,5.7127912649e+02,5.7138799557e+02,5.7148325098e+02,5.7157422228e+02,5.7165436774e+02,5.7173036678e+02,5.7181402077e+02,5.7189589642e+02,5.7197104208e+02,5.7204635243e+02,5.7211822205e+02,5.7218670185e+02,5.7225244045e+02,5.7231672553e+02,5.7238280690e+02,5.7244931472e+02,5.7251603110e+02,5.7257922961e+02,5.7263905822e+02,5.7270117251e+02,5.7276683762e+02,5.7283040218e+02,5.7289626699e+02,5.7296139753e+02,5.7302156064e+02,5.7308293545e+02,5.7313969092e+02,5.7319538423e+02,5.7324790371e+02,5.7329975786e+02,5.7335618347e+02,5.7341287939e+02,5.7346667367e+02,5.7351873369e+02,5.7356940158e+02,5.7362036163e+02,5.7367377083e+02,5.7372285891e+02,5.7377392418e+02,5.7382466047e+02,5.7387419515e+02,5.7392206289e+02,5.7396821463e+02,5.7401895342e+02,5.7406978015e+02,5.7411704783e+02,5.7416442682e+02,5.7421241508e+02,5.7425959772e+02,5.7430768808e+02,5.7435373470e+02,5.7439730434e+02,5.7444034259e+02,5.7448380980e+02,5.7452693055e+02,5.7456832275e+02,5.7460794002e+02,5.7464709234e+02,5.7468605039e+02,5.7472618938e+02,5.7476673315e+02,5.7480781451e+02,5.7484619711e+02,5.7488475167e+02,5.7492375976e+02,5.7495848202e+02,5.7499287415e+02,5.7502516741e+02,5.7505836316e+02,5.7509022829e+02,5.7512106557e+02,5.7515093366e+02,5.7518043353e+02,5.7521052197e+02,5.7523977229e+02,5.7526849958e+02,5.7529664182e+02,5.7532683818e+02,5.7535692386e+02,5.7538700410e+02,5.7541523775e+02,5.7544500517e+02,5.7547492969e+02,5.7550510663e+02,5.7553478790e+02,5.7556526107e+02,5.7559358530e+02,5.7561959784e+02,5.7564539220e+02,5.7567198081e+02,5.7569940970e+02,5.7572850847e+02,5.7575686274e+02,5.7578791818e+02,5.7581769890e+02,5.7584499096e+02,5.7587342483e+02,5.7590384951e+02,5.7593674553e+02,5.7596678181e+02,5.7599670681e+02,5.7602376636e+02,5.7605025650e+02,5.7607654393e+02,5.7610604085e+02,5.7613399565e+02,5.7616029887e+02,5.7618733758e+02,5.7621222380e+02,5.7623852498e+02,5.7626596762e+02,5.7629388670e+02,5.7632021123e+02,5.7634543020e+02,5.7636896832e+02,5.7639219872e+02,5.7641618738e+02,5.7644167059e+02,5.7646744429e+02,5.7649067955e+02,5.7651430694e+02,5.7653590598e+02,5.7655713974e+02,5.7657919683e+02,5.7660285286e+02,5.7662536117e+02,5.7664712703e+02,5.7666866416e+02,5.7669029193e+02,5.7671123575e+02,5.7673154299e+02,5.7675159467e+02,5.7677195243e+02
-0.6966101695,6.0347404676e+02,3.3462804516e+01,8.1264404680e+01,1.3112679086e+02,1.7587940193e+02,2.0969008915e+02,2.3561899105e+02,2.5652806842e+02,2.7448672325e+02,2.9196647058e+02,3.0852399847e+02,3.2445575585e+02,3.3970075286e+02,3.5378741863e+02,3.6599650590e+02,3.7876706594e+02,3.9094151183e+02,4.0097640888e+02,4.1048368929e+02,4.2006416385e+02,4.2872931861e+02,4.3676187566e+02,4.4451665690e+02,4.5192157196e+02,4.5847171977e+02,4.6488858649e+02,4.7127181863e+02,4.7707459408e+02,4.8272801315e+02,4.8825770624e+02,4.9352665060e+02,4.9822614538e+02,5.0278698851e+02,5.0712241092e+02,5.1114643937e+02,5.1525448669e+02,5.1918788096e+02,5.2297629336e+02,5.2652392949e+02,5.2964662314e+02,5.3296625357e+02,5.3606323333e+02,5.3888922442e+02,5.4172145028e+02,5.4476704051e+02,5.4733233837e+02,5.4966529551e+02,5.5186016987e+02,5.5382777604e+02,5.5558916989e+02,5.5756767764e+02,5.5942315592e+02,5.6108484784e+02,5.6263691219e+02,5.6415411924e+02,5.6547669792e+02,5.6667717103e+02,5.6793311000e+02,5.6912426338e+02,5.7033165301e+02,5.7146777123e+02,5.7250089446e+02,5.7340200890e+02,5.7419712670e+02,5.7503693500e+02,5.7584505779e+02,5.7659475029e+02,5.7730032916e+02,5.7798986994e+02,5.7862864209e+02,5.7930104314e+02,5.7989326878e+02,5.8043874608e+02,5.8093274781e+02,5.8135550764e+02,5.8177984008e+02,5.8221805048e+02,5.8262929968e+02,5.8300695282e+02,5.8335501098e+02,5.8366740398e+02,5.8397303671e+02,5.8427095163e+02,5.8456535288e+02,5.8485838668e+02,5.8511000700e+02,5.8533781140e+02,5.8556865793e+02,5.8579661811e+02,5.8602449703e+02,5.8624474267e+02,5.8646625227e+02,5.8667234509e+02,5.8690897152e+02,5.8712926192e+02,5.8731562304e+02,5.8751832346e+02,5.8768337218e+02,5.8786170940e+02,5.8804704757e+02,5.8822874482e+02,5.8840863470e+02,5.8858849289e+02,5.8875623960e+02,5.8891929911e+02,5.8907285592e+02,5.8923257500e+02,5.8938485307e+02,5.8953260634e+02,5.8966211235e+02,5.8978949918e+02,5.8990688671e+02,5.9001966838e+02,5.9013496021e+02,5.9024863081e+02,5.9036707782e+02,5.9047510398e+02,5.9058545193e+02,5.9069132340e+02,5.9078173579e+02,5.9086758213e+02,5.9094907114e+02,5.9103404892e+02,5.9112310010e+02,5.9120665371e+02,5.9128300703e+02,5.9135897695e+02,5.9143078279e+02,5.9150003271e+02,5.9156714255e+02,5.9163523491e+02,5.9170486578e+02,5.9177286280e+02,5.9183830460e+02,5.9190109998e+02,5.9196568383e+02,5.9203869690e+02,5.9211183140e+02,5.9218276675e+02,5.9225392454e+02,5.9232233893e+02,5.9238347194e+02,5.9244616888e+02,5.9251023890e+02,5.9257744053e+02,5.9263900634e+02,5.9269718115e+02,5.9275844366e+02,5.9282077236e+02,5.9287967970e+02,5.9293490770e+02,5.9298930141e+02,5.9304163877e+02,5.9309581681e+02,5.9315112241e+02,5.9320972273e+02,5.9326753248e+02,5.9332571101e+02,5.9338327327e+02,5.9344176525e+02,5.9349959076e+02,5.9355409360e+02,5.9360487800e+02,5.9365581282e+02,5.9370474981e+02,5.9375150738e+02,5.9380078387e+02,5.9384871929e+02,5.9389493267e+02,5.9393927365e+02,5.9398373389e+02,5.9402590396e+02,5.9406551543e+02,5.9410503838e+02,5.9414625974e+02,5.9418640020e+02,5.9422647894e+02,5.9426502454e+02,5.9430340365e+02,5.9434007283e+02,5.9437781934e+02,5.9441525978e+02,5.9444905807e+02,5.9448296314e+02,5.9451523575e+02,5.9454779638e+02,5.9457857561e+02,5.9461017239e+02,5.9464187360e+02,5.9467248990e+02,5.9470299067e+02,5.9473288052e+02,5.9476258979e+02,5.9479152028e+02,5.9482187473e+02,5.9485219756e+02,5.9488167962e+02,5.9491133507e+02,5.9494334904e+02,5.9497454891e+02,5.9500513284e+02,5.9503485195e+02,5.9506521967e+02,5.9509440316e+02,5.9512429324e+02,5.9515238795e+02,5.9517699162e+02,5.9520500329e+02,5.9523610810e+02,5.9526656873e+02,5.9529910198e+02,5.9532975811e+02,5.9535776658e+02,5.9538739472e+02,5.9541948181e+02,5.9545291298e+02,5.9548349845e+02,5.9551322405e+02,5.9554161739e+02,5.9557008136e+02,5.9559584751e+02,5.9562416192e+02,5.9565167517e+02,5.9567841215e+02,5.9570665492e+02,5.9573066039e+02,5.9575577442e+02,5.9578255699e+02,5.9580977138e+02,5.9583623713e+02,5.9586300860e+02,5.9588789304e+02,5.9591074428e+02,5.9593366516e+02,5.9595744214e+02,5.9598153573e+02,5.9600353366e+02,5.9602655440e+02,5.9604779684e+02,5.9606852279e+02,5.9608857277e+02,5.9611041682e+02,5.9613184008e+02,5.9615282672e+02,5.9617403627e+02,5.9619463287e+02,5.9621741304e+02,5.9623990784e+02,5.9625965368e+02,5.9628001625e+02
-0.6881355932,6.2463932468e+02,3.4700827891e+01,8.4367982754e+01,1.3630932425e+02,1.8288536013e+02,2.1814360109e+02,2.4528473049e+02,2.6718995704e+02,2.8597442524e+02,3.0420340393e+02,3.2144855910e+02,3.3802993565e+02,3.5384728118e+02,3.6845822113e+02,3.8110949176e+02,3.9436775736e+02,4.0702557637e+02,4.1744981317e+02,4.2729525225e+02,4.3721114503e+02,4.4618322764e+02,4.5448776964e+02,4.6249514146e+02,4.7011424620e+02,4.7682104457e+02,4.8339654215e+02,4.8998892100e+02,4.9596072222e+02,5.0176115974e+02,5.0740269595e+02,5.1278971834e+02,5.1757372282e+02,5.2220396021e+02,5.2658254053e+02,5.3062241126e+02,5.3475177336e+02,5.3870631345e+02,5.4253916204e+02,5.4613887305e+02,5.4930737507e+02,5.5266207861e+02,5.5578361800e+02,5.5863267435e+02,5.6149495538e+02,5.6458126191e+02,5.6720130820e+02,5.6956723885e+02,5.7178010635e+02,5.7377284930e+02,5.7558669409e+02,5.7760852145e+02,5.7949242837e+02,5.8117338650e+02,5.8273850588e+02,5.8427023487e+02,5.8560231660e+02,5.8681075306e+02,5.8807078195e+02,5.8926938586e+02,5.9047402158e+02,5.9161693797e+02,5.9265349403e+02,5.9354803868e+02,5.9435191265e+02,5.9521120958e+02,5.9603190968e+02,5.9679923498e+02,5.9752184696e+02,5.9821768053e+02,5.9886351013e+02,5.9954019573e+02,6.0013355307e+02,6.0067333248e+02,6.0115129619e+02,6.0160834462e+02,6.0207593636e+02,6.0254096074e+02,6.0297029135e+02,6.0336834606e+02,6.0373681644e+02,6.0406913355e+02,6.0439247427e+02,6.0470918966e+02,6.0501619624e+02,6.0531355660e+02,6.0557399464e+02,6.0582891205e+02,6.0608654876e+02,6.0633653948e+02,6.0657882787e+02,6.0680707097e+02,6.0703325179e+02,6.0726471747e+02,6.0752170171e+02,6.0775551683e+02,6.0795315573e+02,6.0816859372e+02,6.0834508529e+02,6.0852783853e+02,6.0871885027e+02,6.0890831256e+02,6.0909606027e+02,6.0928098278e+02,6.0945265446e+02,6.0962316945e+02,6.0978475306e+02,6.0995024250e+02,6.1010614309e+02,6.1025941471e+02,6.1038785810e+02,6.1051120250e+02,6.1063339481e+02,6.1075446514e+02,6.1087433190e+02,6.1099028840e+02,6.1110797735e+02,6.1121626689e+02,6.1132354211e+02,6.1142162851e+02,6.1151538008e+02,6.1160773095e+02,6.1169620426e+02,6.1178561915e+02,6.1187646530e+02,6.1196187108e+02,6.1203938548e+02,6.1211598446e+02,6.1218976735e+02,6.1226231739e+02,6.1233195364e+02,6.1240467148e+02,6.1247713792e+02,6.1254570375e+02,6.1261321858e+02,6.1268544346e+02,6.1275859753e+02,6.1283774680e+02,6.1291525234e+02,6.1299153373e+02,6.1306661097e+02,6.1313582218e+02,6.1320419219e+02,6.1327722305e+02,6.1335091943e+02,6.1342609014e+02,6.1349392734e+02,6.1355983598e+02,6.1362773174e+02,6.1369638528e+02,6.1376078183e+02,6.1382085835e+02,6.1388230633e+02,6.1394138073e+02,6.1400359143e+02,6.1406587603e+02,6.1413056073e+02,6.1419455699e+02,6.1425937323e+02,6.1432236463e+02,6.1438497732e+02,6.1444447771e+02,6.1449941647e+02,6.1455164990e+02,6.1460474805e+02,6.1465448222e+02,6.1470137603e+02,6.1475184876e+02,6.1480039309e+02,6.1484666148e+02,6.1489088558e+02,6.1493591326e+02,6.1497834942e+02,6.1501802072e+02,6.1505809249e+02,6.1510023268e+02,6.1513996202e+02,6.1517925046e+02,6.1521659408e+02,6.1525339392e+02,6.1529068054e+02,6.1532923253e+02,6.1536666183e+02,6.1540120545e+02,6.1543602751e+02,6.1546947719e+02,6.1550313892e+02,6.1553491209e+02,6.1556823591e+02,6.1560201643e+02,6.1563480544e+02,6.1566778369e+02,6.1570034547e+02,6.1573199393e+02,6.1576219785e+02,6.1579294722e+02,6.1582402181e+02,6.1585446367e+02,6.1588594534e+02,6.1591902934e+02,6.1595105500e+02,6.1598255208e+02,6.1601344203e+02,6.1604527363e+02,6.1607615415e+02,6.1610732910e+02,6.1613692868e+02,6.1616325034e+02,6.1619049993e+02,6.1622137183e+02,6.1625176684e+02,6.1628421138e+02,6.1631594054e+02,6.1634616145e+02,6.1637592632e+02,6.1640508513e+02,6.1643612763e+02,6.1646538292e+02,6.1649426513e+02,6.1652292695e+02,6.1655156014e+02,6.1657622189e+02,6.1660384127e+02,6.1663121738e+02,6.1665792239e+02,6.1668607476e+02,6.1670983912e+02,6.1673304157e+02,6.1675739365e+02,6.1678325273e+02,6.1680840227e+02,6.1683347770e+02,6.1685641772e+02,6.1687738576e+02,6.1690005079e+02,6.1692351236e+02,6.1694649626e+02,6.1696760297e+02,6.1698999381e+02,6.1701084054e+02,6.1703137973e+02,6.1705126531e+02,6.1707294467e+02,6.1709423669e+02,6.1711506888e+02,6.1713630583e+02,6.1715650785e+02,6.1717881896e+02,6.1720092396e+02,6.1722018582e+02,6.1724110268e+02
-0.6796610169,6.4748147942e+02,3.5992394590e+01,8.7608693884e+01,1.4172942434e+02,1.9021694303e+02,2.2699900955e+02,2.5542504122e+02,2.7838988716e+02,2.9805438540e+02,3.1708264459e+02,3.3506069487e+02,3.5233396439e+02,3.6875894315e+02,3.8392615729e+02,3.9704894166e+02,4.1082808339e+02,4.2400084412e+02,4.3483878572e+02,4.4504306689e+02,4.5531521630e+02,4.6461694970e+02,4.7321427314e+02,4.8149253288e+02,4.8934195928e+02,4.9621934282e+02,5.0297196834e+02,5.0979568085e+02,5.1595397662e+02,5.2190837183e+02,5.2767242452e+02,5.3318977200e+02,5.3806900862e+02,5.4277956973e+02,5.4721116294e+02,5.5127391818e+02,5.5543103709e+02,5.5941321055e+02,5.6329795429e+02,5.6695734743e+02,5.7018075969e+02,5.7357749454e+02,5.7672872288e+02,5.7960642283e+02,5.8250266492e+02,5.8563458514e+02,5.8831611144e+02,5.9071938742e+02,5.9295482814e+02,5.9498164011e+02,5.9685637627e+02,5.9892746443e+02,6.0084799283e+02,6.0255748564e+02,6.0414629375e+02,6.0570277519e+02,6.0705481391e+02,6.0828041468e+02,6.0955256743e+02,6.1076725562e+02,6.1197845984e+02,6.1313646551e+02,6.1418397541e+02,6.1507899628e+02,6.1590228956e+02,6.1678977916e+02,6.1763764402e+02,6.1844280710e+02,6.1920767551e+02,6.1991819552e+02,6.2056456399e+02,6.2123939929e+02,6.2182666690e+02,6.2236985979e+02,6.2287609485e+02,6.2338119385e+02,6.2388259526e+02,6.2437848482e+02,6.2483761663e+02,6.2526786549e+02,6.2566679400e+02,6.2602108530e+02,6.2636967924e+02,6.2671514806e+02,6.2705063664e+02,6.2738502821e+02,6.2767563627e+02,6.2794207118e+02,6.2821025093e+02,6.2847636604e+02,6.2874160477e+02,6.2899713498e+02,6.2924829133e+02,6.2948646965e+02,6.2975389092e+02,6.3000258407e+02,6.3021432335e+02,6.3044390384e+02,6.3063431442e+02,6.3082438922e+02,6.3102138139e+02,6.3121948110e+02,6.3141667867e+02,6.3160949762e+02,6.3178817498e+02,6.3196719993e+02,6.3213605374e+02,6.3230664581e+02,6.3246539675e+02,6.3262194009e+02,6.3274590219e+02,6.3287448218e+02,6.3300803644e+02,6.3313649477e+02,6.3325979592e+02,6.3337762930e+02,6.3349328861e+02,6.3359990633e+02,6.3370306730e+02,6.3380274569e+02,6.3390654070e+02,6.3400396694e+02,6.3409664262e+02,6.3418939413e+02,6.3428187374e+02,6.3436966823e+02,6.3445050446e+02,6.3453069747e+02,6.3460939728e+02,6.3468595251e+02,6.3475899638e+02,6.3483740609e+02,6.3491370106e+02,6.3498643230e+02,6.3506014200e+02,6.3514009363e+02,6.3521846446e+02,6.3530341720e+02,6.3538746632e+02,6.3547333273e+02,6.3555564097e+02,6.3562908912e+02,6.3570402689e+02,6.3578571932e+02,6.3586679519e+02,6.3594964660e+02,6.3602532628e+02,6.3609941526e+02,6.3617346647e+02,6.3624764525e+02,6.3631681755e+02,6.3638316400e+02,6.3645226998e+02,6.3651716760e+02,6.3658548049e+02,6.3665340014e+02,6.3672423483e+02,6.3679317034e+02,6.3686262837e+02,6.3692922143e+02,6.3699485271e+02,6.3705501605e+02,6.3710978156e+02,6.3716162794e+02,6.3721508201e+02,6.3726613428e+02,6.3731390516e+02,6.3736481804e+02,6.3741445219e+02,6.3746128014e+02,6.3750563799e+02,6.3755109217e+02,6.3759349656e+02,6.3763343819e+02,6.3767432914e+02,6.3771833840e+02,6.3775980133e+02,6.3780074041e+02,6.3783803963e+02,6.3787427169e+02,6.3791137761e+02,6.3795153990e+02,6.3799124846e+02,6.3802790322e+02,6.3806379440e+02,6.3809877378e+02,6.3813524581e+02,6.3817056539e+02,6.3820586067e+02,6.3824151753e+02,6.3827662696e+02,6.3831208385e+02,6.3834618074e+02,6.3837848861e+02,6.3841138667e+02,6.3844515975e+02,6.3847907727e+02,6.3851165657e+02,6.3854386788e+02,6.3857636781e+02,6.3860822724e+02,6.3864045151e+02,6.3867253414e+02,6.3870538782e+02,6.3873692822e+02,6.3876724824e+02,6.3879473870e+02,6.3882040721e+02,6.3884988381e+02,6.3888096872e+02,6.3891071741e+02,6.3894213331e+02,6.3897226012e+02,6.3899993349e+02,6.3902738497e+02,6.3905752758e+02,6.3908794387e+02,6.3911659838e+02,6.3914413788e+02,6.3917196943e+02,6.3920112806e+02,6.3922608166e+02,6.3925166694e+02,6.3927712564e+02,6.3930254998e+02,6.3932886196e+02,6.3935254541e+02,6.3937523005e+02,6.3939696544e+02,6.3942025551e+02,6.3944361092e+02,6.3946703619e+02,6.3948957664e+02,6.3951033556e+02,6.3953095824e+02,6.3955311051e+02,6.3957582437e+02,6.3959733419e+02,6.3961911828e+02,6.3963941003e+02,6.3965905173e+02,6.3967922229e+02,6.3970099371e+02,6.3972192987e+02,6.3974200443e+02,6.3976388428e+02,6.3978580734e+02,6.3980861447e+02,6.3983099514e+02,6.3985098646e+02,6.3987224511e+02
-0.6711864407,6.7224214212e+02,3.7340047685e+01,9.0992918821e+01,1.4739845586e+02,1.9789005842e+02,2.3627668070e+02,2.6606529089e+02,2.9015800058e+02,3.1076122828e+02,3.3064336904e+02,3.4940378185e+02,3.6741519575e+02,3.8448671602e+02,4.0024567704e+02,4.1387281978e+02,4.2820990481e+02,4.4193271708e+02,4.5321148680e+02,4.6379796692e+02,4.7445037363e+02,4.8410802485e+02,4.9302221188e+02,5.0159265661e+02,5.0969169602e+02,5.1675687892e+02,5.2370897627e+02,5.3078987479e+02,5.3715528306e+02,5.4327324001e+02,5.4917347349e+02,5.5483656397e+02,5.5982454619e+02,5.6462935850e+02,5.6912720850e+02,5.7322336111e+02,5.7741722779e+02,5.8143579693e+02,5.8538261640e+02,5.8911183965e+02,5.9240147780e+02,5.9585010716e+02,5.9904042822e+02,6.0195602707e+02,6.0489159194e+02,6.0807562289e+02,6.1082682224e+02,6.1327378729e+02,6.1553955670e+02,6.1761167609e+02,6.1955763264e+02,6.2168717081e+02,6.2365571185e+02,6.2540650268e+02,6.2703306839e+02,6.2862792145e+02,6.3001356851e+02,6.3126847675e+02,6.3256362303e+02,6.3380567992e+02,6.3503481831e+02,6.3621814874e+02,6.3728535791e+02,6.3819206314e+02,6.3905036009e+02,6.3997396977e+02,6.4085497373e+02,6.4170277625e+02,6.4251509151e+02,6.4325920025e+02,6.4392597513e+02,6.4459716390e+02,6.4519318697e+02,6.4578812353e+02,6.4635191072e+02,6.4689263046e+02,6.4742263822e+02,6.4795729119e+02,6.4845807224e+02,6.4893449398e+02,6.4937914486e+02,6.4976514951e+02,6.5014462222e+02,6.5052282456e+02,6.5089004462e+02,6.5126083330e+02,6.5159022977e+02,6.5189116958e+02,6.5218249603e+02,6.5246474743e+02,6.5275358582e+02,6.5304290084e+02,6.5334955830e+02,6.5360716987e+02,6.5386116002e+02,6.5412046149e+02,6.5434553181e+02,6.5458901127e+02,6.5479533893e+02,6.5499745120e+02,6.5520049170e+02,6.5540658876e+02,6.5561388622e+02,6.5581687870e+02,6.5600391280e+02,6.5619147427e+02,6.5636752574e+02,6.5654272135e+02,6.5670270949e+02,6.5685905306e+02,6.5698415967e+02,6.5712585573e+02,6.5726717624e+02,6.5740023180e+02,6.5752823800e+02,6.5764904648e+02,6.5776175264e+02,6.5786720006e+02,6.5797353938e+02,6.5808135836e+02,6.5819136564e+02,6.5829301495e+02,6.5838980521e+02,6.5848594025e+02,6.5858099515e+02,6.5867396807e+02,6.5876198155e+02,6.5884721849e+02,6.5893058557e+02,6.5901252955e+02,6.5909199836e+02,6.5917597535e+02,6.5925576084e+02,6.5933478721e+02,6.5941536229e+02,6.5950038267e+02,6.5958452077e+02,6.5967818393e+02,6.5976921448e+02,6.5986323187e+02,6.5995562947e+02,6.6004571614e+02,6.6013328737e+02,6.6022522688e+02,6.6030664374e+02,6.6038688852e+02,6.6046307834e+02,6.6054137773e+02,6.6062272671e+02,6.6070684814e+02,6.6078724678e+02,6.6086356484e+02,6.6093674206e+02,6.6100429515e+02,6.6107551358e+02,6.6114517067e+02,6.6121780473e+02,6.6128838072e+02,6.6136066782e+02,6.6142817758e+02,6.6149424596e+02,6.6155385935e+02,6.6160975446e+02,6.6166560107e+02,6.6172165334e+02,6.6177407298e+02,6.6182236155e+02,6.6187411152e+02,6.6192572411e+02,6.6197467648e+02,6.6202022691e+02,6.6206690261e+02,6.6211041967e+02,6.6215126747e+02,6.6219276925e+02,6.6223846356e+02,6.6228183209e+02,6.6232597673e+02,6.6236705347e+02,6.6240527932e+02,6.6244251766e+02,6.6248417082e+02,6.6252597974e+02,6.6256561255e+02,6.6260420744e+02,6.6264117014e+02,6.6268094111e+02,6.6272032142e+02,6.6275939340e+02,6.6279693290e+02,6.6283258525e+02,6.6286847810e+02,6.6290369800e+02,6.6293828573e+02,6.6297335237e+02,6.6300749251e+02,6.6304148025e+02,6.6307415511e+02,6.6310745529e+02,6.6314033391e+02,6.6317278831e+02,6.6320637729e+02,6.6323930135e+02,6.6327241706e+02,6.6330362042e+02,6.6333147028e+02,6.6335735827e+02,6.6338490833e+02,6.6341455423e+02,6.6344441102e+02,6.6347283955e+02,6.6350269675e+02,6.6353087218e+02,6.6355716042e+02,6.6358327675e+02,6.6361203380e+02,6.6363954433e+02,6.6366694896e+02,6.6369459504e+02,6.6372252433e+02,6.6375079415e+02,6.6377507622e+02,6.6380055431e+02,6.6382572702e+02,6.6385167945e+02,6.6387677083e+02,6.6389965158e+02,6.6392110245e+02,6.6394096789e+02,6.6396324813e+02,6.6398588078e+02,6.6400817499e+02,6.6402980633e+02,6.6404978468e+02,6.6406995335e+02,6.6409254302e+02,6.6411520444e+02,6.6413678483e+02,6.6415823484e+02,6.6417822501e+02,6.6419907328e+02,6.6422110164e+02,6.6424380347e+02,6.6426611434e+02,6.6428664943e+02,6.6430794874e+02,6.6433028957e+02,6.6435368100e+02,6.6437578243e+02,6.6439505313e+02,6.6441626085e+02
-0.6627118644,6.9919971361e+02,3.8746453490e+01,9.4527299744e+01,1.5332823050e+02,2.0592125376e+02,2.4599785506e+02,2.7723206273e+02,3.0252602368e+02,3.2413157112e+02,3.4492720983e+02,3.6452408523e+02,3.8332429120e+02,4.0108532913e+02,4.1747544177e+02,4.3164378832e+02,4.4658028757e+02,4.6089227607e+02,4.7264216641e+02,4.8363731819e+02,4.9469770384e+02,5.0474169120e+02,5.1400066568e+02,5.2288813906e+02,5.3125984492e+02,5.3853394090e+02,5.4571227984e+02,5.5308052385e+02,5.5967760266e+02,5.6597207908e+02,5.7202566620e+02,5.7785370931e+02,5.8296725860e+02,5.8788376664e+02,5.9246507399e+02,5.9660931992e+02,6.0085198696e+02,6.0491839554e+02,6.0894068664e+02,6.1275283659e+02,6.1612235127e+02,6.1963590569e+02,6.2288019372e+02,6.2584860743e+02,6.2883055649e+02,6.3207455790e+02,6.3490534902e+02,6.3740493615e+02,6.3971234158e+02,6.4184349649e+02,6.4387387149e+02,6.4607486422e+02,6.4810665320e+02,6.4991565366e+02,6.5159801341e+02,6.5324867390e+02,6.5468493691e+02,6.5598479527e+02,6.5731742316e+02,6.5860149342e+02,6.5986266128e+02,6.6108454985e+02,6.6218321757e+02,6.6311951101e+02,6.6402995720e+02,6.6499610600e+02,6.6590623377e+02,6.6677481564e+02,6.6758980746e+02,6.6838378928e+02,6.6913359263e+02,6.6985930200e+02,6.7049930011e+02,6.7112967400e+02,6.7173733171e+02,6.7234832725e+02,6.7295110309e+02,6.7354703370e+02,6.7409553326e+02,6.7461192334e+02,6.7509912496e+02,6.7555647721e+02,6.7599665712e+02,6.7639376418e+02,6.7676422348e+02,6.7714116858e+02,6.7752008790e+02,6.7788443730e+02,6.7824450227e+02,6.7858039903e+02,6.7889227914e+02,6.7918283119e+02,6.7947211159e+02,6.7976908147e+02,6.8007860898e+02,6.8036552915e+02,6.8061721357e+02,6.8088016878e+02,6.8109919284e+02,6.8131212080e+02,6.8152555614e+02,6.8174293427e+02,6.8196188487e+02,6.8217663177e+02,6.8237333763e+02,6.8257046434e+02,6.8275417951e+02,6.8293239311e+02,6.8309098115e+02,6.8324893344e+02,6.8338577834e+02,6.8353895412e+02,6.8368488409e+02,6.8382184454e+02,6.8395550054e+02,6.8407893554e+02,6.8418935522e+02,6.8429951257e+02,6.8441359517e+02,6.8452905173e+02,6.8464469262e+02,6.8475214853e+02,6.8485377440e+02,6.8495408399e+02,6.8505331053e+02,6.8515312607e+02,6.8524808705e+02,6.8533712415e+02,6.8542552975e+02,6.8551447811e+02,6.8560188879e+02,6.8569164899e+02,6.8577434238e+02,6.8586026024e+02,6.8594966797e+02,6.8604184256e+02,6.8613320664e+02,6.8623405095e+02,6.8633118551e+02,6.8643140628e+02,6.8652673522e+02,6.8661725311e+02,6.8670271408e+02,6.8679102298e+02,6.8688434060e+02,6.8698066838e+02,6.8706722804e+02,6.8715596884e+02,6.8724494028e+02,6.8733556142e+02,6.8742177495e+02,6.8750361022e+02,6.8758175846e+02,6.8765405488e+02,6.8772829693e+02,6.8780077220e+02,6.8787576958e+02,6.8794980487e+02,6.8802474382e+02,6.8809299806e+02,6.8816055021e+02,6.8822125918e+02,6.8827932250e+02,6.8833805463e+02,6.8839577929e+02,6.8845021364e+02,6.8850168401e+02,6.8855641466e+02,6.8861030690e+02,6.8866190699e+02,6.8870884552e+02,6.8875638878e+02,6.8880166471e+02,6.8884560581e+02,6.8888997330e+02,6.8893856120e+02,6.8898411988e+02,6.8903083834e+02,6.8907615889e+02,6.8911939837e+02,6.8916275939e+02,6.8920721206e+02,6.8925025095e+02,6.8929106878e+02,6.8933243548e+02,6.8937287633e+02,6.8941621338e+02,6.8945838281e+02,6.8949741661e+02,6.8953478602e+02,6.8957178612e+02,6.8961050252e+02,6.8964906945e+02,6.8968387521e+02,6.8971787349e+02,6.8974999086e+02,6.8978312754e+02,6.8981541229e+02,6.8984814827e+02,6.8988034512e+02,6.8991265869e+02,6.8994631327e+02,6.8997907441e+02,6.9001140769e+02,6.9004193144e+02,6.9006853761e+02,6.9009389635e+02,6.9012165792e+02,6.9014983489e+02,6.9017840124e+02,6.9020632874e+02,6.9023566583e+02,6.9026338870e+02,6.9028954748e+02,6.9031459584e+02,6.9034188187e+02,6.9036818103e+02,6.9039585003e+02,6.9042414248e+02,6.9045201841e+02,6.9047874096e+02,6.9050321698e+02,6.9052959570e+02,6.9055493746e+02,6.9058196710e+02,6.9060580256e+02,6.9062701812e+02,6.9064756231e+02,6.9066857850e+02,6.9069234753e+02,6.9071513242e+02,6.9073594144e+02,6.9075641543e+02,6.9077714489e+02,6.9079949415e+02,6.9082369764e+02,6.9084657856e+02,6.9086746529e+02,6.9088941988e+02,6.9091125186e+02,6.9093376845e+02,6.9095640096e+02,6.9097762288e+02,6.9099987474e+02,6.9102241801e+02,6.9104563884e+02,6.9106873950e+02,6.9109190769e+02,6.9111340580e+02,6.9113323855e+02,6.9115502173e+02
-0.6542372881,7.2867582875e+02,4.0214406826e+01,9.8218742673e+01,1.5953100158e+02,2.1432770628e+02,2.5618463851e+02,2.8895316082e+02,3.1552729408e+02,3.3820408494e+02,3.5997836060e+02,3.8047090392e+02,4.0011540404e+02,4.1861350058e+02,4.3567861701e+02,4.5042956251e+02,4.6601191389e+02,4.8095674800e+02,4.9321169152e+02,5.0464561808e+02,5.1614607185e+02,5.2661166884e+02,5.3624784156e+02,5.4548137856e+02,5.5415327481e+02,5.6166201427e+02,5.6909846002e+02,5.7678928797e+02,5.8364748540e+02,5.9013562104e+02,5.9636383383e+02,6.0238055097e+02,6.0764041721e+02,6.1269018485e+02,6.1737673931e+02,6.2158881029e+02,6.2589604316e+02,6.3002486173e+02,6.3413976748e+02,6.3805136256e+02,6.4151685139e+02,6.4511153910e+02,6.4843106191e+02,6.5147606034e+02,6.5451411090e+02,6.5782663946e+02,6.6074874935e+02,6.6331304850e+02,6.6567714187e+02,6.6788419398e+02,6.7001606527e+02,6.7230591471e+02,6.7442077754e+02,6.7630976459e+02,6.7807052235e+02,6.7979854855e+02,6.8130553549e+02,6.8267005315e+02,6.8405970343e+02,6.8540507972e+02,6.8671645325e+02,6.8799519604e+02,6.8914371572e+02,6.9013382541e+02,6.9111202631e+02,6.9213101203e+02,6.9307892780e+02,6.9398845473e+02,6.9486820712e+02,6.9576159241e+02,6.9658687575e+02,6.9734894923e+02,6.9804894246e+02,6.9875262939e+02,6.9943391345e+02,7.0011965449e+02,7.0079513359e+02,7.0145425191e+02,7.0204731022e+02,7.0261930435e+02,7.0318686723e+02,7.0372921585e+02,7.0423934540e+02,7.0467913269e+02,7.0508544875e+02,7.0550948382e+02,7.0594308302e+02,7.0635722235e+02,7.0676794782e+02,7.0714590104e+02,7.0748424470e+02,7.0779772163e+02,7.0812093418e+02,7.0844225808e+02,7.0876782105e+02,7.0907374313e+02,7.0934653319e+02,7.0962799752e+02,7.0986371477e+02,7.1009102409e+02,7.1031385284e+02,7.1054145806e+02,7.1077196125e+02,7.1099918727e+02,7.1120700360e+02,7.1141519821e+02,7.1160697416e+02,7.1178494384e+02,7.1194382120e+02,7.1211548333e+02,7.1226900378e+02,7.1243304114e+02,7.1258499824e+02,7.1272540231e+02,7.1286106146e+02,7.1298378647e+02,7.1309619335e+02,7.1321883416e+02,7.1334299968e+02,7.1346583077e+02,7.1358708847e+02,7.1370311458e+02,7.1381189947e+02,7.1391758907e+02,7.1401941933e+02,7.1412291543e+02,7.1422025970e+02,7.1431398107e+02,7.1441393558e+02,7.1451295339e+02,7.1460748160e+02,7.1470108296e+02,7.1478812442e+02,7.1488423049e+02,7.1498487026e+02,7.1508632990e+02,7.1518399415e+02,7.1528774185e+02,7.1538982447e+02,7.1549613217e+02,7.1559759972e+02,7.1569861318e+02,7.1579979262e+02,7.1590628562e+02,7.1600306104e+02,7.1609516562e+02,7.1618313466e+02,7.1627083392e+02,7.1636199631e+02,7.1645721936e+02,7.1654902244e+02,7.1663889741e+02,7.1672710510e+02,7.1680776665e+02,7.1688473938e+02,7.1695739750e+02,7.1702954379e+02,7.1710120731e+02,7.1717661140e+02,7.1724534750e+02,7.1731357307e+02,7.1737538468e+02,7.1743605247e+02,7.1749843305e+02,7.1755873308e+02,7.1761625283e+02,7.1767181244e+02,7.1772981456e+02,7.1778584241e+02,7.1784116306e+02,7.1789206696e+02,7.1794171739e+02,7.1799000564e+02,7.1803873162e+02,7.1808591983e+02,7.1813689164e+02,7.1818461487e+02,7.1823362203e+02,7.1828344679e+02,7.1833096006e+02,7.1838061646e+02,7.1842988421e+02,7.1847628431e+02,7.1851950721e+02,7.1856262500e+02,7.1860427880e+02,7.1864606437e+02,7.1868888737e+02,7.1872844435e+02,7.1876626408e+02,7.1880133258e+02,7.1883866455e+02,7.1887745602e+02,7.1891359915e+02,7.1894980445e+02,7.1898357177e+02,7.1901641813e+02,7.1904595446e+02,7.1907473931e+02,7.1910530536e+02,7.1913715379e+02,7.1917016790e+02,7.1920252258e+02,7.1923385144e+02,7.1926427950e+02,7.1929153894e+02,7.1931645380e+02,7.1934324658e+02,7.1937031438e+02,7.1939841104e+02,7.1942693805e+02,7.1945675644e+02,7.1948527452e+02,7.1951191737e+02,7.1953725111e+02,7.1956404025e+02,7.1959033901e+02,7.1961857041e+02,7.1964803213e+02,7.1967613363e+02,7.1970291998e+02,7.1972856139e+02,7.1975605541e+02,7.1978173704e+02,7.1981014515e+02,7.1983418508e+02,7.1985643263e+02,7.1987796706e+02,7.1989961936e+02,7.1992407479e+02,7.1994779042e+02,7.1996945217e+02,7.1999125116e+02,7.2001283377e+02,7.2003635774e+02,7.2006197268e+02,7.2008498336e+02,7.2010642462e+02,7.2013042944e+02,7.2015381009e+02,7.2017776124e+02,7.2020176863e+02,7.2022345650e+02,7.2024599517e+02,7.2026919334e+02,7.2029210537e+02,7.2031446353e+02,7.2033722173e+02,7.2035882652e+02,7.2038143491e+02,7.2040546701e+02
-0.6457627119,7.6104339609e+02,4.1746836383e+01,1.0207441829e+02,1.6601945353e+02,2.2312720433e+02,2.6685998116e+02,3.0125760092e+02,3.2919677169e+02,3.5301954100e+02,3.7584366889e+02,3.9729670428e+02,4.1784635405e+02,4.3713416967e+02,4.5492316644e+02,4.7030327334e+02,4.8658350536e+02,5.0220999416e+02,5.1500810473e+02,5.2691513184e+02,5.3889285437e+02,5.4982100427e+02,5.5987202153e+02,5.6948560896e+02,5.7849052380e+02,5.8626508392e+02,5.9399738051e+02,6.0205202950e+02,6.0920681405e+02,6.1591094851e+02,6.2233983457e+02,6.2857428838e+02,6.3400588801e+02,6.3921530363e+02,6.4403419401e+02,6.4833987133e+02,6.5273199643e+02,6.5694140765e+02,6.6117038707e+02,6.6520193081e+02,6.6878212472e+02,6.7247707905e+02,6.7589939089e+02,6.7905789887e+02,6.8216777103e+02,6.8555685916e+02,6.8858328748e+02,6.9122773391e+02,6.9366745405e+02,6.9597176765e+02,6.9822689716e+02,7.0062797880e+02,7.0285116590e+02,7.0484759477e+02,7.0671462314e+02,7.0854571751e+02,7.1014581707e+02,7.1159943048e+02,7.1307323080e+02,7.1450620117e+02,7.1589254802e+02,7.1725458134e+02,7.1848111374e+02,7.1955127996e+02,7.2061247523e+02,7.2170738827e+02,7.2272987271e+02,7.2372269537e+02,7.2469798690e+02,7.2569224124e+02,7.2659229040e+02,7.2740401501e+02,7.2819867046e+02,7.2899433880e+02,7.2976693996e+02,7.3054566861e+02,7.3130988975e+02,7.3204348467e+02,7.3270041970e+02,7.3336244262e+02,7.3402236909e+02,7.3464103435e+02,7.3522639058e+02,7.3573668082e+02,7.3619196431e+02,7.3665091864e+02,7.3713510679e+02,7.3759891588e+02,7.3805724976e+02,7.3847888571e+02,7.3886545666e+02,7.3921711618e+02,7.3955938966e+02,7.3990255218e+02,7.4024865738e+02,7.4057369880e+02,7.4087579847e+02,7.4118218345e+02,7.4143982250e+02,7.4168351572e+02,7.4191522141e+02,7.4215482830e+02,7.4239850343e+02,7.4263838660e+02,7.4285636458e+02,7.4307197592e+02,7.4326942558e+02,7.4345339381e+02,7.4362581316e+02,7.4381085438e+02,7.4397648345e+02,7.4415042514e+02,7.4430856393e+02,7.4445590402e+02,7.4460012118e+02,7.4472701136e+02,7.4484852270e+02,7.4498261073e+02,7.4511417163e+02,7.4524314420e+02,7.4537068295e+02,7.4549227221e+02,7.4560677866e+02,7.4572110259e+02,7.4583340872e+02,7.4594449661e+02,7.4604640745e+02,7.4614894375e+02,7.4625897474e+02,7.4636573622e+02,7.4646737456e+02,7.4656763836e+02,7.4666265112e+02,7.4676631005e+02,7.4687155400e+02,7.4697389500e+02,7.4707581775e+02,7.4718785376e+02,7.4729941880e+02,7.4741380808e+02,7.4751908640e+02,7.4762063908e+02,7.4771679207e+02,7.4781476027e+02,7.4792015497e+02,7.4803072853e+02,7.4813569419e+02,7.4823889629e+02,7.4833783596e+02,7.4843597324e+02,7.4852956176e+02,7.4862181444e+02,7.4871264037e+02,7.4879844766e+02,7.4888261385e+02,7.4896782987e+02,7.4905443898e+02,7.4913258140e+02,7.4920272467e+02,7.4926665476e+02,7.4933349663e+02,7.4939866246e+02,7.4946013723e+02,7.4952142054e+02,7.4958266718e+02,7.4964317646e+02,7.4970236694e+02,7.4976336187e+02,7.4982192071e+02,7.4988156341e+02,7.4993794546e+02,7.4998838314e+02,7.5003901772e+02,7.5009415153e+02,7.5014781507e+02,7.5020422949e+02,7.5025928170e+02,7.5030908551e+02,7.5035840113e+02,7.5040670370e+02,7.5045789897e+02,7.5050939173e+02,7.5055669453e+02,7.5059958610e+02,7.5064203061e+02,7.5068477689e+02,7.5072631852e+02,7.5076823442e+02,7.5080669297e+02,7.5084569553e+02,7.5088215396e+02,7.5091823323e+02,7.5095566982e+02,7.5099173732e+02,7.5102605016e+02,7.5105731897e+02,7.5108868218e+02,7.5111943562e+02,7.5114976708e+02,7.5118198277e+02,7.5121456840e+02,7.5124694305e+02,7.5127912529e+02,7.5130969431e+02,7.5134030016e+02,7.5136978895e+02,7.5139778665e+02,7.5142358956e+02,7.5144934160e+02,7.5147655302e+02,7.5150577264e+02,7.5153633125e+02,7.5156663746e+02,7.5159463110e+02,7.5162149751e+02,7.5164817644e+02,7.5167496957e+02,7.5170378822e+02,7.5173404600e+02,7.5176197525e+02,7.5178961494e+02,7.5181682914e+02,7.5184599234e+02,7.5187301546e+02,7.5190331767e+02,7.5192929199e+02,7.5195379230e+02,7.5197792947e+02,7.5200049934e+02,7.5202531043e+02,7.5205009078e+02,7.5207207229e+02,7.5209546350e+02,7.5211994486e+02,7.5214588949e+02,7.5217262216e+02,7.5219563825e+02,7.5221852564e+02,7.5224498986e+02,7.5227029295e+02,7.5229578435e+02,7.5232066091e+02,7.5234417838e+02,7.5236840337e+02,7.5239405574e+02,7.5241937267e+02,7.5244432516e+02,7.5246803605e+02,7.5249055660e+02,7.5251492942e+02,7.5254103869e+02
-0.6372881356,7.9673668404e+02,4.3346810133e+01,1.0610176089e+02,1.7280668517e+02,2.3233811834e+02,2.7804764151e+02,3.1417558338e+02,3.4357102938e+02,3.6862083756e+02,3.9257271060e+02,4.1505723573e+02,4.3657878494e+02,4.5671471710e+02,4.7528213801e+02,4.9134382848e+02,5.0838024529e+02,5.2474299911e+02,5.3812719028e+02,5.5054655183e+02,5.6304471290e+02,5.7448297116e+02,5.8499258282e+02,5.9502605592e+02,6.0440310336e+02,6.1248107057e+02,6.2055376656e+02,6.2902055848e+02,6.3651475267e+02,6.4346370393e+02,6.5012486756e+02,6.5661240962e+02,6.6224669289e+02,6.6764779936e+02,6.7263221900e+02,6.7706451718e+02,6.8156755319e+02,6.8587988915e+02,6.9024931238e+02,6.9442597094e+02,6.9814264078e+02,7.0195966181e+02,7.0551665822e+02,7.0884177449e+02,7.1205445427e+02,7.1552679231e+02,7.1866968071e+02,7.2141209074e+02,7.2395079648e+02,7.2638063669e+02,7.2878565882e+02,7.3132578962e+02,7.3368886301e+02,7.3582683085e+02,7.3783411068e+02,7.3979779603e+02,7.4151538695e+02,7.4308969054e+02,7.4468596256e+02,7.4624274483e+02,7.4773812098e+02,7.4921941619e+02,7.5056051964e+02,7.5173648544e+02,7.5290127875e+02,7.5411246385e+02,7.5526731302e+02,7.5638560027e+02,7.5746416433e+02,7.5856192574e+02,7.5954365688e+02,7.6043708729e+02,7.6135793693e+02,7.6226431714e+02,7.6315048952e+02,7.6404394921e+02,7.6491635059e+02,7.6574515516e+02,7.6649245410e+02,7.6725992892e+02,7.6801259003e+02,7.6870633729e+02,7.6937392560e+02,7.6996845825e+02,7.7049332471e+02,7.7098783913e+02,7.7151947211e+02,7.7203626957e+02,7.7254552888e+02,7.7301294548e+02,7.7344818683e+02,7.7384455803e+02,7.7421820401e+02,7.7457641671e+02,7.7494008098e+02,7.7528865847e+02,7.7562110905e+02,7.7595052831e+02,7.7623120751e+02,7.7649905603e+02,7.7674334800e+02,7.7699159489e+02,7.7724847683e+02,7.7750353981e+02,7.7773555712e+02,7.7796153620e+02,7.7816688723e+02,7.7836182337e+02,7.7855280617e+02,7.7875652896e+02,7.7893856980e+02,7.7912753311e+02,7.7929881615e+02,7.7945070860e+02,7.7959827737e+02,7.7973513419e+02,7.7987462002e+02,7.8002615477e+02,7.8017079171e+02,7.8030941556e+02,7.8044419189e+02,7.8057655776e+02,7.8069760373e+02,7.8081518881e+02,7.8093136840e+02,7.8104896075e+02,7.8116100099e+02,7.8127412742e+02,7.8139181201e+02,7.8150435287e+02,7.8161152489e+02,7.8171749664e+02,7.8182031435e+02,7.8193296257e+02,7.8204782868e+02,7.8215794595e+02,7.8226411586e+02,7.8237568354e+02,7.8248756408e+02,7.8259548451e+02,7.8269582096e+02,7.8280743455e+02,7.8291579488e+02,7.8302627836e+02,7.8314084383e+02,7.8325570131e+02,7.8336443681e+02,7.8347309982e+02,7.8357864262e+02,7.8368320423e+02,7.8378275415e+02,7.8387899493e+02,7.8397055343e+02,7.8405679387e+02,7.8413727346e+02,7.8421668233e+02,7.8429626064e+02,7.8437668665e+02,7.8445883082e+02,7.8453480506e+02,7.8461080593e+02,7.8468204446e+02,7.8475328130e+02,7.8482650568e+02,7.8489289389e+02,7.8495390706e+02,7.8501370057e+02,7.8508036851e+02,7.8514506716e+02,7.8520984228e+02,7.8526986744e+02,7.8532380363e+02,7.8537911525e+02,7.8543766315e+02,7.8549164402e+02,7.8554874138e+02,7.8560318570e+02,7.8565724336e+02,7.8571561618e+02,7.8577039285e+02,7.8582289282e+02,7.8587392460e+02,7.8592080034e+02,7.8596626755e+02,7.8600815924e+02,7.8604863820e+02,7.8608842190e+02,7.8613086772e+02,7.8617006399e+02,7.8620976804e+02,7.8624772674e+02,7.8628268180e+02,7.8631790386e+02,7.8635487355e+02,7.8639092348e+02,7.8642483921e+02,7.8645684057e+02,7.8648780564e+02,7.8651657466e+02,7.8654884317e+02,7.8658219172e+02,7.8661434225e+02,7.8664740897e+02,7.8667901032e+02,7.8671011308e+02,7.8674124727e+02,7.8677229828e+02,7.8680084530e+02,7.8682883601e+02,7.8685668435e+02,7.8688457739e+02,7.8691378274e+02,7.8694489454e+02,7.8697359400e+02,7.8700201582e+02,7.8703040081e+02,7.8705846180e+02,7.8708838527e+02,7.8711976392e+02,7.8714822137e+02,7.8717557489e+02,7.8720333065e+02,7.8723360004e+02,7.8726290990e+02,7.8729513802e+02,7.8732270877e+02,7.8734751036e+02,7.8737468621e+02,7.8740152752e+02,7.8742883547e+02,7.8745663959e+02,7.8748155732e+02,7.8750645826e+02,7.8753413344e+02,7.8756206915e+02,7.8758939839e+02,7.8761512458e+02,7.8764071494e+02,7.8766858151e+02,7.8769504893e+02,7.8772116440e+02,7.8774696935e+02,7.8777435312e+02,7.8780121520e+02,7.8782917217e+02,7.8785670346e+02,7.8788446778e+02,7.8791068739e+02,7.8793790428e+02,7.8796691820e+02,7.8799650721e+02
-0.6288135593,8.3626413698e+02,4.5017540792e+01,1.1030846507e+02,1.7990618563e+02,2.4197935912e+02,2.8977213260e+02,3.2773844324e+02,3.5868821750e+02,3.8505300015e+02,4.1021783834e+02,4.3381161931e+02,4.5637829442e+02,4.7742716280e+02,4.9683393226e+02,5.1363626098e+02,5.3149418966e+02,5.4865435427e+02,5.6267304583e+02,5.7564967304e+02,5.8871839699e+02,6.0072201992e+02,6.1174108521e+02,6.2224118497e+02,6.3203692095e+02,6.4046340980e+02,6.4892895948e+02,6.5786457328e+02,6.6574990977e+02,6.7298061109e+02,6.7991212994e+02,6.8669547197e+02,6.9256992555e+02,6.9820139582e+02,7.0339156920e+02,7.0799207181e+02,7.1263926462e+02,7.1708163475e+02,7.2162337676e+02,7.2597578500e+02,7.2985454123e+02,7.3381842008e+02,7.3754301603e+02,7.4109938330e+02,7.4447830910e+02,7.4804505611e+02,7.5131068579e+02,7.5416731586e+02,7.5683490878e+02,7.5942961860e+02,7.6201453396e+02,7.6472685762e+02,7.6726849809e+02,7.6958987245e+02,7.7177854890e+02,7.7390811069e+02,7.7577362569e+02,7.7751386347e+02,7.7928374428e+02,7.8101062878e+02,7.8265740042e+02,7.8430016181e+02,7.8579581126e+02,7.8710912563e+02,7.8841126259e+02,7.8978788322e+02,7.9114123286e+02,7.9246467548e+02,7.9366551206e+02,7.9484209097e+02,7.9590585437e+02,7.9694472518e+02,7.9803435964e+02,7.9906990251e+02,8.0007775028e+02,8.0109876642e+02,8.0210020734e+02,8.0305932753e+02,8.0393416614e+02,8.0482429438e+02,8.0567730208e+02,8.0643338384e+02,8.0717183613e+02,8.0784595486e+02,8.0845719386e+02,8.0901154259e+02,8.0957883487e+02,8.1014433368e+02,8.1070365999e+02,8.1121762551e+02,8.1170095952e+02,8.1214405436e+02,8.1256165834e+02,8.1293362644e+02,8.1331430446e+02,8.1369067347e+02,8.1405372228e+02,8.1440616821e+02,8.1470985414e+02,8.1500551810e+02,8.1527238422e+02,8.1552888488e+02,8.1579882563e+02,8.1607087225e+02,8.1631924469e+02,8.1655844279e+02,8.1677868298e+02,8.1699145099e+02,8.1720264910e+02,8.1742467245e+02,8.1762500919e+02,8.1783047072e+02,8.1801469707e+02,8.1817913078e+02,8.1834220943e+02,8.1849383549e+02,8.1865092313e+02,8.1881959770e+02,8.1897624304e+02,8.1912317678e+02,8.1926675989e+02,8.1940778869e+02,8.1953988074e+02,8.1967274853e+02,8.1980366367e+02,8.1993024708e+02,8.2004873348e+02,8.2017108915e+02,8.2029700802e+02,8.2041575899e+02,8.2052961451e+02,8.2064398415e+02,8.2075571134e+02,8.2087512455e+02,8.2099481204e+02,8.2110905590e+02,8.2122303823e+02,8.2134144437e+02,8.2145571723e+02,8.2156544912e+02,8.2167745205e+02,8.2180024401e+02,8.2191560444e+02,8.2203126982e+02,8.2214957983e+02,8.2226861565e+02,8.2238492924e+02,8.2250070288e+02,8.2260804419e+02,8.2270940335e+02,8.2280448796e+02,8.2289584285e+02,8.2298770879e+02,8.2308193973e+02,8.2317081325e+02,8.2326409044e+02,8.2335464180e+02,8.2344406302e+02,8.2353424426e+02,8.2361760998e+02,8.2369880318e+02,8.2377638054e+02,8.2385322352e+02,8.2393140968e+02,8.2400020194e+02,8.2406523407e+02,8.2413085738e+02,8.2420151385e+02,8.2427025691e+02,8.2433895901e+02,8.2440278861e+02,8.2446082734e+02,8.2451911762e+02,8.2458038787e+02,8.2463908482e+02,8.2470113259e+02,8.2475879924e+02,8.2481281468e+02,8.2487050717e+02,8.2492242186e+02,8.2497533884e+02,8.2502557700e+02,8.2507182274e+02,8.2511844426e+02,8.2516300608e+02,8.2520591659e+02,8.2524795016e+02,8.2529020445e+02,8.2532959045e+02,8.2537024004e+02,8.2540823489e+02,8.2544417917e+02,8.2548133085e+02,8.2551916807e+02,8.2555622308e+02,8.2559241873e+02,8.2562725193e+02,8.2566120948e+02,8.2569101607e+02,8.2572400310e+02,8.2575899235e+02,8.2579185915e+02,8.2582668114e+02,8.2586068095e+02,8.2589267197e+02,8.2592420375e+02,8.2595388474e+02,8.2598195700e+02,8.2601120010e+02,8.2604061202e+02,8.2607189631e+02,8.2610383836e+02,8.2613593127e+02,8.2616561468e+02,8.2619498969e+02,8.2622389280e+02,8.2625421128e+02,8.2628646979e+02,8.2631907109e+02,8.2635009395e+02,8.2637957188e+02,8.2640803525e+02,8.2643888940e+02,8.2647033649e+02,8.2650307524e+02,8.2653148184e+02,8.2655843307e+02,8.2658842383e+02,8.2661830062e+02,8.2664666606e+02,8.2667454699e+02,8.2670131023e+02,8.2673055927e+02,8.2676103924e+02,8.2679107186e+02,8.2681921152e+02,8.2684709393e+02,8.2687596685e+02,8.2690638688e+02,8.2693509483e+02,8.2696412302e+02,8.2699289881e+02,8.2702346125e+02,8.2705357291e+02,8.2708590012e+02,8.2711697935e+02,8.2714795026e+02,8.2717688377e+02,8.2720769820e+02,8.2724020923e+02,8.2727256796e+02
-0.6203389831,8.8022496777e+02,4.6762391276e+01,1.1470247978e+02,1.8733180161e+02,2.5207032115e+02,3.0205864628e+02,3.4197857258e+02,3.7458799543e+02,4.0236314701e+02,4.2883419390e+02,4.5362239743e+02,4.7731452342e+02,4.9934832739e+02,5.1966253736e+02,5.3727204919e+02,5.5602464697e+02,5.7405071370e+02,5.8875863658e+02,6.0234406517e+02,6.1604156091e+02,6.2867476105e+02,6.4026241272e+02,6.5128403175e+02,6.6155381579e+02,6.7038277313e+02,6.7930285062e+02,6.8877380193e+02,6.9711271438e+02,7.0467234118e+02,7.1191987340e+02,7.1905027979e+02,7.2521005951e+02,7.3111833336e+02,7.3656259694e+02,7.4138288520e+02,7.4621678913e+02,7.5082189852e+02,7.5557387834e+02,7.6013906543e+02,7.6421065760e+02,7.6835067573e+02,7.7227506915e+02,7.7612262530e+02,7.7977162930e+02,7.8347814102e+02,7.8686307140e+02,7.8983782247e+02,7.9267780784e+02,7.9549702639e+02,7.9828892628e+02,8.0120913163e+02,8.0397518199e+02,8.0653060793e+02,8.0895044806e+02,8.1128500701e+02,8.1334582268e+02,8.1531517851e+02,8.1731876251e+02,8.1926943075e+02,8.2111538935e+02,8.2296546769e+02,8.2465786089e+02,8.2615686124e+02,8.2764599698e+02,8.2922649270e+02,8.3079690871e+02,8.3231819837e+02,8.3368679697e+02,8.3502828688e+02,8.3622345667e+02,8.3743926104e+02,8.3871701292e+02,8.3992205506e+02,8.4109537274e+02,8.4227368785e+02,8.4341951736e+02,8.4451526007e+02,8.4551268231e+02,8.4653173919e+02,8.4750286227e+02,8.4834291743e+02,8.4916096139e+02,8.4991691638e+02,8.5061707424e+02,8.5125991210e+02,8.5186319106e+02,8.5246767722e+02,8.5307314885e+02,8.5363581978e+02,8.5416939528e+02,8.5466231032e+02,8.5513576235e+02,8.5552854876e+02,8.5592513108e+02,8.5633082105e+02,8.5672602277e+02,8.5710380992e+02,8.5743237258e+02,8.5775827283e+02,8.5805704016e+02,8.5832711147e+02,8.5861301983e+02,8.5890761990e+02,8.5917830948e+02,8.5943548214e+02,8.5967503377e+02,8.5991048344e+02,8.6014603624e+02,8.6039073296e+02,8.6061373697e+02,8.6084035385e+02,8.6104228761e+02,8.6122269024e+02,8.6140597831e+02,8.6157958331e+02,8.6175873451e+02,8.6194808931e+02,8.6212028245e+02,8.6227903291e+02,8.6243479573e+02,8.6258945472e+02,8.6273479784e+02,8.6287850180e+02,8.6301680088e+02,8.6314726889e+02,8.6328380699e+02,8.6342311979e+02,8.6355930750e+02,8.6368373427e+02,8.6380572015e+02,8.6393324669e+02,8.6405626445e+02,8.6418242106e+02,8.6430717212e+02,8.6442747365e+02,8.6454768058e+02,8.6466891213e+02,8.6478506549e+02,8.6491050761e+02,8.6503665085e+02,8.6516993019e+02,8.6529545007e+02,8.6542072222e+02,8.6554229209e+02,8.6566251284e+02,8.6578149977e+02,8.6589467947e+02,8.6599641239e+02,8.6610376123e+02,8.6621332015e+02,8.6632187822e+02,8.6642643935e+02,8.6652810540e+02,8.6662539677e+02,8.6672502513e+02,8.6681969597e+02,8.6690839494e+02,8.6700511718e+02,8.6709606878e+02,8.6718279699e+02,8.6726711375e+02,8.6734761289e+02,8.6742964650e+02,8.6750399273e+02,8.6757749174e+02,8.6764708839e+02,8.6771978710e+02,8.6779294874e+02,8.6786642292e+02,8.6793618168e+02,8.6799950982e+02,8.6805955782e+02,8.6812208347e+02,8.6818434797e+02,8.6825024433e+02,8.6831220007e+02,8.6837191537e+02,8.6843423360e+02,8.6849120712e+02,8.6854404919e+02,8.6859755850e+02,8.6864450515e+02,8.6869045516e+02,8.6873384484e+02,8.6877798349e+02,8.6882506521e+02,8.6887218420e+02,8.6891500880e+02,8.6895576395e+02,8.6899573192e+02,8.6903494346e+02,8.6907495994e+02,8.6911503557e+02,8.6915226142e+02,8.6918748738e+02,8.6922339710e+02,8.6926061883e+02,8.6929645251e+02,8.6933103225e+02,8.6936518758e+02,8.6939631155e+02,8.6942883596e+02,8.6946213448e+02,8.6949479874e+02,8.6953006464e+02,8.6956366154e+02,8.6959606488e+02,8.6962796216e+02,8.6965703677e+02,8.6968818199e+02,8.6972108994e+02,8.6975404150e+02,8.6978420075e+02,8.6981442435e+02,8.6984536792e+02,8.6987912970e+02,8.6991317757e+02,8.6994651250e+02,8.6997959595e+02,8.7001098813e+02,8.7004245136e+02,8.7007534665e+02,8.7010863038e+02,8.7014152813e+02,8.7017180207e+02,8.7020262433e+02,8.7023607981e+02,8.7026973681e+02,8.7030134322e+02,8.7033342287e+02,8.7036405672e+02,8.7039554055e+02,8.7042577114e+02,8.7045672884e+02,8.7048735453e+02,8.7051883006e+02,8.7054887181e+02,8.7058074519e+02,8.7061281357e+02,8.7064599745e+02,8.7067872019e+02,8.7070969148e+02,8.7074050977e+02,8.7077155764e+02,8.7080309348e+02,8.7083602686e+02,8.7086788462e+02,8.7089936862e+02,8.7093034117e+02,8.7096218725e+02
-0.6118644068,9.2933136399e+02,4.8584880131e+01,1.1929199922e+02,1.9509769452e+02,2.6263080815e+02,3.1493295140e+02,3.5692930830e+02,3.9131142141e+02,4.2060040969e+02,4.4847967232e+02,4.7455552975e+02,4.9946118739e+02,5.2255993892e+02,5.4385771076e+02,5.6234938593e+02,5.8207850135e+02,6.0104719617e+02,6.1650630780e+02,6.3075971656e+02,6.4515356898e+02,6.5849095857e+02,6.7071594802e+02,6.8232359816e+02,6.9313319572e+02,7.0242892461e+02,7.1187599086e+02,7.2196034150e+02,7.3082798742e+02,7.3877673873e+02,7.4639492597e+02,7.5393351346e+02,7.6043268004e+02,7.6667326333e+02,7.7242934043e+02,7.7753240426e+02,7.8260761989e+02,7.8741500675e+02,7.9242158970e+02,7.9724397396e+02,8.0154602501e+02,8.0589856997e+02,8.1005728799e+02,8.1423814280e+02,8.1825901352e+02,8.2222753266e+02,8.2574650458e+02,8.2881593135e+02,8.3190475770e+02,8.3505677837e+02,8.3806596358e+02,8.4121742890e+02,8.4425599659e+02,8.4710326074e+02,8.4981427989e+02,8.5240468724e+02,8.5473438649e+02,8.5700795461e+02,8.5931185488e+02,8.6154809981e+02,8.6364774208e+02,8.6575891021e+02,8.6770188448e+02,8.6945532084e+02,8.7118993019e+02,8.7300497138e+02,8.7477823463e+02,8.7644419214e+02,8.7811411158e+02,8.7975514463e+02,8.8111101685e+02,8.8250066382e+02,8.8397398650e+02,8.8539109715e+02,8.8678721236e+02,8.8816349626e+02,8.8947557783e+02,8.9069729410e+02,8.9180424948e+02,8.9295561861e+02,8.9402534523e+02,8.9497943686e+02,8.9594202386e+02,8.9680910122e+02,8.9760870829e+02,8.9836255047e+02,8.9903067887e+02,8.9966135816e+02,9.0030167858e+02,9.0091620320e+02,9.0150448026e+02,9.0205245217e+02,9.0259273841e+02,9.0303008608e+02,9.0344280301e+02,9.0387262997e+02,9.0430114218e+02,9.0470827044e+02,9.0506622261e+02,9.0542613044e+02,9.0576023201e+02,9.0605254839e+02,9.0636389632e+02,9.0669056697e+02,9.0699319228e+02,9.0727549390e+02,9.0753778439e+02,9.0779860233e+02,9.0806103622e+02,9.0833250039e+02,9.0858317869e+02,9.0883602950e+02,9.0905880521e+02,9.0925811761e+02,9.0947094113e+02,9.0967557428e+02,9.0987814468e+02,9.1008829838e+02,9.1027811832e+02,9.1045237549e+02,9.1062260133e+02,9.1079094008e+02,9.1094687024e+02,9.1109715559e+02,9.1124813599e+02,9.1140193028e+02,9.1156378251e+02,9.1171866884e+02,9.1186717514e+02,9.1199819934e+02,9.1213196382e+02,9.1227750404e+02,9.1241400790e+02,9.1254738096e+02,9.1268088012e+02,9.1281262447e+02,9.1294095624e+02,9.1307234795e+02,9.1320400137e+02,9.1334063520e+02,9.1347476337e+02,9.1361741145e+02,9.1375435460e+02,9.1388907962e+02,9.1400928763e+02,9.1412323604e+02,9.1424374405e+02,9.1437072862e+02,9.1448580621e+02,9.1459798507e+02,9.1471213502e+02,9.1482653890e+02,9.1493649544e+02,9.1504255130e+02,9.1514740642e+02,9.1525666000e+02,9.1536044431e+02,9.1545822433e+02,9.1556226563e+02,9.1566164325e+02,9.1575786808e+02,9.1585359743e+02,9.1594328533e+02,9.1603129867e+02,9.1611012944e+02,9.1619053253e+02,9.1626553071e+02,9.1634376081e+02,9.1642373419e+02,9.1650299570e+02,9.1657985717e+02,9.1665166480e+02,9.1671620015e+02,9.1677815620e+02,9.1684357073e+02,9.1691337224e+02,9.1697889713e+02,9.1704264739e+02,9.1710630785e+02,9.1716187523e+02,9.1722140262e+02,9.1728153648e+02,9.1733572658e+02,9.1738689665e+02,9.1743253778e+02,9.1747827368e+02,9.1752726967e+02,9.1757551241e+02,9.1762239030e+02,9.1767101777e+02,9.1771695279e+02,9.1775898053e+02,9.1780138069e+02,9.1784342529e+02,9.1788370318e+02,9.1792244508e+02,9.1796153184e+02,9.1799827611e+02,9.1803169559e+02,9.1806792321e+02,9.1810624333e+02,9.1814133833e+02,9.1817851571e+02,9.1821690178e+02,9.1825141644e+02,9.1828379970e+02,9.1831535222e+02,9.1834865669e+02,9.1838367530e+02,9.1841561378e+02,9.1844802046e+02,9.1848216935e+02,9.1851820862e+02,9.1855233239e+02,9.1858567889e+02,9.1861927353e+02,9.1865323508e+02,9.1868645220e+02,9.1871921412e+02,9.1875320636e+02,9.1878668675e+02,9.1882277252e+02,9.1885785577e+02,9.1889167046e+02,9.1892581129e+02,9.1896011714e+02,9.1899524333e+02,9.1903035099e+02,9.1906454975e+02,9.1909592556e+02,9.1912826302e+02,9.1916173430e+02,9.1919484658e+02,9.1922730779e+02,9.1926136252e+02,9.1929353097e+02,9.1932686950e+02,9.1935905374e+02,9.1939275656e+02,9.1942632547e+02,9.1946000373e+02,9.1949189545e+02,9.1952098293e+02,9.1955324391e+02,9.1958620276e+02,9.1961808365e+02,9.1965000213e+02,9.1968094636e+02,9.1971245747e+02,9.1974476200e+02,9.1977741706e+02
-0.6033898305,9.8443925638e+02,5.0488686876e+01,1.2408545024e+02,2.0321828564e+02,2.7368093757e+02,3.2842126059e+02,3.7262477818e+02,4.0890079080e+02,4.3981579613e+02,4.6921482195e+02,4.9668031602e+02,5.2289602710e+02,5.4714866061e+02,5.6951508004e+02,5.8897336583e+02,6.0977044173e+02,6.2976769099e+02,6.4604821130e+02,6.6103760988e+02,6.7620625140e+02,6.9033449653e+02,7.0327674393e+02,7.1554628182e+02,7.2697374649e+02,7.3681268927e+02,7.4687185362e+02,7.5766117512e+02,7.6714766602e+02,7.7556238296e+02,7.8361675632e+02,7.9163587210e+02,7.9853865838e+02,8.0517755835e+02,8.1131406975e+02,8.1677555735e+02,8.2216206418e+02,8.2722021732e+02,8.3253238991e+02,8.3766473434e+02,8.4224364309e+02,8.4685500450e+02,8.5129139864e+02,8.5584093851e+02,8.6027752903e+02,8.6463634644e+02,8.6838082115e+02,8.7154185804e+02,8.7499698004e+02,8.7868958887e+02,8.8198934849e+02,8.8535100190e+02,8.8867742861e+02,8.9184842871e+02,8.9491312126e+02,8.9782762156e+02,9.0052072223e+02,9.0317818095e+02,9.0585968054e+02,9.0845512336e+02,9.1087433258e+02,9.1331788992e+02,9.1558989984e+02,9.1767894440e+02,9.1972210199e+02,9.2182627848e+02,9.2386896635e+02,9.2581600939e+02,9.2786319686e+02,9.2977542813e+02,9.3130538077e+02,9.3296106302e+02,9.3468699234e+02,9.3633985211e+02,9.3795351980e+02,9.3951005384e+02,9.4095294516e+02,9.4225098525e+02,9.4354041792e+02,9.4489153942e+02,9.4609843045e+02,9.4720464310e+02,9.4831562510e+02,9.4929119437e+02,9.5018875870e+02,9.5105505067e+02,9.5185546207e+02,9.5256781618e+02,9.5320288000e+02,9.5384794779e+02,9.5449155740e+02,9.5510154250e+02,9.5571414606e+02,9.5623211808e+02,9.5670084224e+02,9.5713763561e+02,9.5758708645e+02,9.5802811724e+02,9.5842342327e+02,9.5882299490e+02,9.5919235225e+02,9.5951469655e+02,9.5986363744e+02,9.6022962996e+02,9.6057361895e+02,9.6090000661e+02,9.6119746578e+02,9.6147662326e+02,9.6176284808e+02,9.6206572545e+02,9.6234927481e+02,9.6262953076e+02,9.6287311945e+02,9.6310290804e+02,9.6334945590e+02,9.6358351208e+02,9.6381244026e+02,9.6404553948e+02,9.6425403618e+02,9.6444525723e+02,9.6463313663e+02,9.6481711457e+02,9.6498998326e+02,9.6515866260e+02,9.6533572786e+02,9.6551446001e+02,9.6569954332e+02,9.6587124276e+02,9.6603634097e+02,9.6617985679e+02,9.6633007919e+02,9.6649736433e+02,9.6665408251e+02,9.6679823595e+02,9.6694461201e+02,9.6709531847e+02,9.6723687097e+02,9.6737995144e+02,9.6753180256e+02,9.6767939265e+02,9.6781881682e+02,9.6796707674e+02,9.6810937428e+02,9.6824296837e+02,9.6836798368e+02,9.6849706825e+02,9.6862650275e+02,9.6876403941e+02,9.6889238082e+02,9.6901659422e+02,9.6913953563e+02,9.6926269406e+02,9.6938364707e+02,9.6950213521e+02,9.6962303440e+02,9.6974431323e+02,9.6985859809e+02,9.6996415464e+02,9.7007624174e+02,9.7018675623e+02,9.7029361025e+02,9.7039763969e+02,9.7049120385e+02,9.7058333167e+02,9.7066967775e+02,9.7076180518e+02,9.7084788524e+02,9.7093699906e+02,9.7102704756e+02,9.7111310793e+02,9.7119309064e+02,9.7127054441e+02,9.7134290463e+02,9.7141037622e+02,9.7147994345e+02,9.7155316358e+02,9.7162073893e+02,9.7168655457e+02,9.7175272289e+02,9.7181581082e+02,9.7188439777e+02,9.7195081557e+02,9.7200798165e+02,9.7206042159e+02,9.7211200411e+02,9.7216630638e+02,9.7222040369e+02,9.7227407416e+02,9.7232759536e+02,9.7238294189e+02,9.7243420805e+02,9.7247932823e+02,9.7252439444e+02,9.7256800426e+02,9.7261005178e+02,9.7264959485e+02,9.7268836731e+02,9.7272828244e+02,9.7276931177e+02,9.7280973726e+02,9.7284947952e+02,9.7288585850e+02,9.7292593376e+02,9.7296530336e+02,9.7300194262e+02,9.7303968400e+02,9.7307561725e+02,9.7311002775e+02,9.7314420466e+02,9.7317792619e+02,9.7321606808e+02,9.7325269918e+02,9.7328781895e+02,9.7332132129e+02,9.7335782693e+02,9.7339453530e+02,9.7343034106e+02,9.7346430863e+02,9.7349688330e+02,9.7353165243e+02,9.7356796119e+02,9.7360770341e+02,9.7364485102e+02,9.7367918660e+02,9.7371434616e+02,9.7375207322e+02,9.7379024922e+02,9.7382597897e+02,9.7386148410e+02,9.7389540179e+02,9.7392767974e+02,9.7396148202e+02,9.7399559232e+02,9.7402903709e+02,9.7406271551e+02,9.7409319440e+02,9.7412634988e+02,9.7415942894e+02,9.7419223143e+02,9.7422299376e+02,9.7425673381e+02,9.7429087331e+02,9.7432417501e+02,9.7435869437e+02,9.7438955482e+02,9.7442071451e+02,9.7445511522e+02,9.7449028320e+02,9.7452387028e+02,9.7455563011e+02,9.7458895345e+02
-0.5949152542,1.0465941858e+03,5.2477657216e+01,1.2909147538e+02,2.1170818769e+02,2.8524102049e+02,3.4255005984e+02,3.8909969593e+02,4.2739941038e+02,4.6006198093e+02,4.9110266096e+02,5.2006922177e+02,5.4770065087e+02,5.7320600857e+02,5.9673612765e+02,6.1725605067e+02,6.3922305056e+02,6.6034502108e+02,6.7752660120e+02,6.9333018036e+02,7.0936455765e+02,7.2438426335e+02,7.3813663776e+02,7.5115729031e+02,7.6329516794e+02,7.7376799167e+02,7.8453920710e+02,7.9614082118e+02,8.0635360737e+02,8.1533237475e+02,8.2390216794e+02,8.3248681636e+02,8.3986877021e+02,8.4698398395e+02,8.5358222557e+02,8.5949141841e+02,8.6527802531e+02,8.7064815299e+02,8.7632347388e+02,8.8182763589e+02,8.8674027968e+02,8.9166852412e+02,8.9643985605e+02,9.0140937311e+02,9.0628261872e+02,9.1106176525e+02,9.1511683203e+02,9.1851232642e+02,9.2238780991e+02,9.2666268120e+02,9.3057135863e+02,9.3447709832e+02,9.3841849354e+02,9.4191170570e+02,9.4529291598e+02,9.4870235549e+02,9.5172504311e+02,9.5463745377e+02,9.5769233834e+02,9.6070616080e+02,9.6351629750e+02,9.6638518138e+02,9.6909151418e+02,9.7160760613e+02,9.7403234018e+02,9.7651434394e+02,9.7893466012e+02,9.8125364178e+02,9.8370805511e+02,9.8590227119e+02,9.8765572413e+02,9.8964674123e+02,9.9166177477e+02,9.9357507882e+02,9.9541980891e+02,9.9715870340e+02,9.9876189338e+02,1.0002516273e+03,1.0017846676e+03,1.0033251342e+03,1.0046714427e+03,1.0059228309e+03,1.0071764848e+03,1.0082656172e+03,1.0092680843e+03,1.0102353822e+03,1.0111678472e+03,1.0120590226e+03,1.0128609729e+03,1.0135833397e+03,1.0141871079e+03,1.0147920384e+03,1.0154561296e+03,1.0160433092e+03,1.0165989294e+03,1.0170849434e+03,1.0175600452e+03,1.0180457503e+03,1.0184912858e+03,1.0189425847e+03,1.0193627874e+03,1.0197227658e+03,1.0201066671e+03,1.0205091140e+03,1.0208958357e+03,1.0212770342e+03,1.0216355765e+03,1.0219520591e+03,1.0222581515e+03,1.0225935368e+03,1.0229119891e+03,1.0232204491e+03,1.0234934553e+03,1.0237601440e+03,1.0240328328e+03,1.0242943890e+03,1.0245601489e+03,1.0248215451e+03,1.0250507050e+03,1.0252619524e+03,1.0254718924e+03,1.0256776079e+03,1.0258728753e+03,1.0260650543e+03,1.0262727821e+03,1.0264786917e+03,1.0266897917e+03,1.0268801932e+03,1.0270668818e+03,1.0272338842e+03,1.0274017605e+03,1.0275845576e+03,1.0277600494e+03,1.0279272745e+03,1.0280929526e+03,1.0282577329e+03,1.0284119352e+03,1.0285762097e+03,1.0287471561e+03,1.0289034491e+03,1.0290512457e+03,1.0292131556e+03,1.0293698386e+03,1.0295101975e+03,1.0296480932e+03,1.0297955965e+03,1.0299441995e+03,1.0301013139e+03,1.0302439194e+03,1.0303800746e+03,1.0305160731e+03,1.0306573521e+03,1.0307977927e+03,1.0309339699e+03,1.0310744979e+03,1.0312089148e+03,1.0313379912e+03,1.0314593007e+03,1.0315855997e+03,1.0317089234e+03,1.0318278606e+03,1.0319440362e+03,1.0320507621e+03,1.0321572121e+03,1.0322561969e+03,1.0323592205e+03,1.0324518937e+03,1.0325446329e+03,1.0326345378e+03,1.0327245039e+03,1.0328171499e+03,1.0329049421e+03,1.0329788881e+03,1.0330558930e+03,1.0331380795e+03,1.0332172052e+03,1.0332906092e+03,1.0333624219e+03,1.0334327527e+03,1.0335016539e+03,1.0335744339e+03,1.0336429036e+03,1.0337095844e+03,1.0337730813e+03,1.0338317988e+03,1.0338869325e+03,1.0339421426e+03,1.0340025227e+03,1.0340620103e+03,1.0341215834e+03,1.0341765011e+03,1.0342279229e+03,1.0342791879e+03,1.0343239251e+03,1.0343688811e+03,1.0344135937e+03,1.0344593785e+03,1.0345064828e+03,1.0345542401e+03,1.0346002825e+03,1.0346460720e+03,1.0346878336e+03,1.0347301472e+03,1.0347707663e+03,1.0348085545e+03,1.0348469218e+03,1.0348851805e+03,1.0349237109e+03,1.0349631799e+03,1.0350023462e+03,1.0350441240e+03,1.0350820038e+03,1.0351196184e+03,1.0351568939e+03,1.0351949657e+03,1.0352320226e+03,1.0352690031e+03,1.0353071302e+03,1.0353433342e+03,1.0353813279e+03,1.0354166018e+03,1.0354545542e+03,1.0354929733e+03,1.0355303342e+03,1.0355675746e+03,1.0356025943e+03,1.0356385230e+03,1.0356733116e+03,1.0357095678e+03,1.0357445809e+03,1.0357748230e+03,1.0358067244e+03,1.0358403140e+03,1.0358737435e+03,1.0359063475e+03,1.0359365215e+03,1.0359689094e+03,1.0360027250e+03,1.0360369900e+03,1.0360703217e+03,1.0361024620e+03,1.0361342137e+03,1.0361673943e+03,1.0362028969e+03,1.0362352264e+03,1.0362673682e+03,1.0363028459e+03,1.0363390454e+03,1.0363760872e+03,1.0364124097e+03,1.0364484279e+03
-0.5864406780,1.1171046656e+03,5.4555808060e+01,1.3431891122e+02,2.2058212033e+02,2.9733141282e+02,3.5734589408e+02,4.0638909521e+02,4.4685129442e+02,4.8139300437e+02,5.1420838609e+02,5.4479757626e+02,5.7396023211e+02,6.0082811925e+02,6.2562801292e+02,6.4731635871e+02,6.7056668785e+02,6.9292089499e+02,7.1109393017e+02,7.2780158518e+02,7.4480703109e+02,7.6083487432e+02,7.7550522739e+02,7.8938196210e+02,8.0233986012e+02,8.1355388731e+02,8.2515451292e+02,8.3769402833e+02,8.4876035905e+02,8.5842807831e+02,8.6761070524e+02,8.7686006081e+02,8.8480874896e+02,8.9249161000e+02,8.9964759336e+02,9.0610813587e+02,9.1240492041e+02,9.1816724683e+02,9.2426996612e+02,9.3021727898e+02,9.3553222478e+02,9.4084773416e+02,9.4602650300e+02,9.5149258204e+02,9.5685789680e+02,9.6208645555e+02,9.6651181476e+02,9.7030860362e+02,9.7461195266e+02,9.7931389345e+02,9.8367852696e+02,9.8803998799e+02,9.9235802759e+02,9.9639428103e+02,1.0004094387e+03,1.0042642756e+03,1.0080029220e+03,1.0117024480e+03,1.0154433425e+03,1.0190423791e+03,1.0223770570e+03,1.0258103942e+03,1.0290735699e+03,1.0321040253e+03,1.0350034990e+03,1.0379879745e+03,1.0409083099e+03,1.0436727215e+03,1.0465821103e+03,1.0490833453e+03,1.0511385107e+03,1.0535253431e+03,1.0558627255e+03,1.0580690863e+03,1.0601800900e+03,1.0621406918e+03,1.0639748776e+03,1.0657174460e+03,1.0674964613e+03,1.0692335249e+03,1.0707421620e+03,1.0721686288e+03,1.0735835610e+03,1.0748029036e+03,1.0759317519e+03,1.0770145571e+03,1.0780784106e+03,1.0790607436e+03,1.0798685809e+03,1.0806210399e+03,1.0813976383e+03,1.0821686950e+03,1.0829351103e+03,1.0835957216e+03,1.0842065561e+03,1.0847698035e+03,1.0853609132e+03,1.0859241109e+03,1.0864388623e+03,1.0869562800e+03,1.0874243731e+03,1.0878460663e+03,1.0882958727e+03,1.0887530153e+03,1.0892029553e+03,1.0896466779e+03,1.0900662241e+03,1.0904402321e+03,1.0907878192e+03,1.0911628698e+03,1.0915236140e+03,1.0918726245e+03,1.0921859050e+03,1.0924861220e+03,1.0927884078e+03,1.0930878654e+03,1.0933930269e+03,1.0936821690e+03,1.0939362637e+03,1.0941758194e+03,1.0944099245e+03,1.0946418936e+03,1.0948664986e+03,1.0950891880e+03,1.0953286146e+03,1.0955581550e+03,1.0957918715e+03,1.0960027332e+03,1.0962224508e+03,1.0964281986e+03,1.0966231189e+03,1.0968149457e+03,1.0970047130e+03,1.0971947619e+03,1.0973837460e+03,1.0975685149e+03,1.0977370254e+03,1.0979124292e+03,1.0980884666e+03,1.0982572585e+03,1.0984305917e+03,1.0986139482e+03,1.0987858893e+03,1.0989430345e+03,1.0991032800e+03,1.0992675418e+03,1.0994370779e+03,1.0996120018e+03,1.0997716586e+03,1.0999345308e+03,1.1001018645e+03,1.1002715854e+03,1.1004348577e+03,1.1005933206e+03,1.1007576538e+03,1.1009108542e+03,1.1010632025e+03,1.1012100366e+03,1.1013559181e+03,1.1014938609e+03,1.1016263030e+03,1.1017575325e+03,1.1018845018e+03,1.1020132959e+03,1.1021338663e+03,1.1022528422e+03,1.1023602086e+03,1.1024682679e+03,1.1025730407e+03,1.1026791246e+03,1.1027809269e+03,1.1028721232e+03,1.1029571877e+03,1.1030523682e+03,1.1031475780e+03,1.1032345451e+03,1.1033144038e+03,1.1033904844e+03,1.1034688209e+03,1.1035473556e+03,1.1036269735e+03,1.1037018920e+03,1.1037744645e+03,1.1038441907e+03,1.1039100648e+03,1.1039693010e+03,1.1040277816e+03,1.1040922201e+03,1.1041566047e+03,1.1042206043e+03,1.1042803968e+03,1.1043357724e+03,1.1043886302e+03,1.1044397737e+03,1.1044943829e+03,1.1045454516e+03,1.1045973513e+03,1.1046502675e+03,1.1047049844e+03,1.1047573817e+03,1.1048071769e+03,1.1048507967e+03,1.1048922735e+03,1.1049342841e+03,1.1049795410e+03,1.1050237120e+03,1.1050680054e+03,1.1051105267e+03,1.1051512314e+03,1.1051910485e+03,1.1052350511e+03,1.1052749869e+03,1.1053137758e+03,1.1053534085e+03,1.1053931033e+03,1.1054312621e+03,1.1054674352e+03,1.1055055062e+03,1.1055397907e+03,1.1055788144e+03,1.1056175205e+03,1.1056565250e+03,1.1056929726e+03,1.1057284857e+03,1.1057656436e+03,1.1058032296e+03,1.1058396574e+03,1.1058742304e+03,1.1059079805e+03,1.1059403770e+03,1.1059715426e+03,1.1060045509e+03,1.1060378124e+03,1.1060697127e+03,1.1061006308e+03,1.1061293558e+03,1.1061615966e+03,1.1061956602e+03,1.1062288111e+03,1.1062598958e+03,1.1062906672e+03,1.1063235717e+03,1.1063580547e+03,1.1063923812e+03,1.1064242402e+03,1.1064569539e+03,1.1064918951e+03,1.1065262740e+03,1.1065622899e+03,1.1065961012e+03,1.1066290052e+03
-0.5779661017,1.1976718212e+03,5.6727332265e+01,1.3977676113e+02,2.2985480755e+02,3.0997233300e+02,3.7283510090e+02,4.2452799014e+02,4.6730076527e+02,5.0386385757e+02,5.3859894374e+02,5.7094310510e+02,6.0176301721e+02,6.3011531488e+02,6.5630316960e+02,6.7927970479e+02,7.0393908313e+02,7.2764554720e+02,7.4691263816e+02,7.6462767953e+02,7.8272599754e+02,7.9989711776e+02,8.1561059158e+02,8.3046687712e+02,8.4437443791e+02,8.5645646101e+02,8.6902421366e+02,8.8264836928e+02,8.9471773641e+02,9.0523227765e+02,9.1515076889e+02,9.2518012173e+02,9.3379480251e+02,9.4215075148e+02,9.4997741513e+02,9.5710806187e+02,9.6404618188e+02,9.7030869675e+02,9.7691140577e+02,9.8338278675e+02,9.8918097823e+02,9.9496590016e+02,1.0006386219e+03,1.0066997917e+03,1.0126505194e+03,1.0184124261e+03,1.0232916122e+03,1.0275814888e+03,1.0323939493e+03,1.0376443265e+03,1.0426265613e+03,1.0476196178e+03,1.0525894893e+03,1.0573877506e+03,1.0621672285e+03,1.0667249130e+03,1.0712270076e+03,1.0756447187e+03,1.0801216779e+03,1.0844086364e+03,1.0883993159e+03,1.0925504091e+03,1.0965120013e+03,1.1001731721e+03,1.1036647471e+03,1.1073022354e+03,1.1108545793e+03,1.1141382689e+03,1.1175599425e+03,1.1204080974e+03,1.1228734340e+03,1.1257108516e+03,1.1284051818e+03,1.1309626620e+03,1.1334105860e+03,1.1356509028e+03,1.1377704177e+03,1.1398070280e+03,1.1418642675e+03,1.1438289387e+03,1.1455456597e+03,1.1471987565e+03,1.1488065635e+03,1.1501844125e+03,1.1514758938e+03,1.1527142233e+03,1.1539501458e+03,1.1550569127e+03,1.1559616155e+03,1.1568710392e+03,1.1577951477e+03,1.1587064269e+03,1.1596040068e+03,1.1603899010e+03,1.1611087967e+03,1.1617728784e+03,1.1624763956e+03,1.1631296288e+03,1.1637411212e+03,1.1643611234e+03,1.1649120940e+03,1.1654121718e+03,1.1659389545e+03,1.1664748038e+03,1.1670138608e+03,1.1675354685e+03,1.1680270942e+03,1.1684706621e+03,1.1688866318e+03,1.1693241625e+03,1.1697486149e+03,1.1701675856e+03,1.1705594221e+03,1.1709228776e+03,1.1712500531e+03,1.1715721679e+03,1.1719180911e+03,1.1722411039e+03,1.1725341156e+03,1.1728191818e+03,1.1730849226e+03,1.1733500147e+03,1.1736127256e+03,1.1738786115e+03,1.1741560795e+03,1.1744100889e+03,1.1746708135e+03,1.1749113870e+03,1.1751631016e+03,1.1753816655e+03,1.1755877536e+03,1.1758032788e+03,1.1760203102e+03,1.1762385461e+03,1.1764487122e+03,1.1766574922e+03,1.1768482778e+03,1.1770426572e+03,1.1772328775e+03,1.1774236164e+03,1.1776222343e+03,1.1778271755e+03,1.1780234914e+03,1.1782072681e+03,1.1783883656e+03,1.1785777434e+03,1.1787815742e+03,1.1789822544e+03,1.1791672280e+03,1.1793613084e+03,1.1795558271e+03,1.1797493971e+03,1.1799345683e+03,1.1801189988e+03,1.1803104263e+03,1.1804939240e+03,1.1806809844e+03,1.1808576346e+03,1.1810285461e+03,1.1811904194e+03,1.1813467562e+03,1.1815043575e+03,1.1816609535e+03,1.1818150759e+03,1.1819534086e+03,1.1820894467e+03,1.1822287240e+03,1.1823659121e+03,1.1824882780e+03,1.1826066204e+03,1.1827208310e+03,1.1828304859e+03,1.1829356540e+03,1.1830466039e+03,1.1831548391e+03,1.1832546380e+03,1.1833467320e+03,1.1834335178e+03,1.1835243830e+03,1.1836154956e+03,1.1837083688e+03,1.1837961258e+03,1.1838777698e+03,1.1839560759e+03,1.1840317911e+03,1.1840997593e+03,1.1841653521e+03,1.1842350433e+03,1.1843059183e+03,1.1843772897e+03,1.1844467702e+03,1.1845092819e+03,1.1845708898e+03,1.1846330376e+03,1.1846955363e+03,1.1847538892e+03,1.1848136998e+03,1.1848726337e+03,1.1849324566e+03,1.1849870314e+03,1.1850368394e+03,1.1850832262e+03,1.1851312057e+03,1.1851787964e+03,1.1852264611e+03,1.1852709208e+03,1.1853162662e+03,1.1853601586e+03,1.1854017590e+03,1.1854429509e+03,1.1854843814e+03,1.1855228558e+03,1.1855635663e+03,1.1856047558e+03,1.1856435329e+03,1.1856811038e+03,1.1857169959e+03,1.1857550838e+03,1.1857905507e+03,1.1858297093e+03,1.1858670819e+03,1.1859043541e+03,1.1859403822e+03,1.1859769336e+03,1.1860117853e+03,1.1860463078e+03,1.1860816917e+03,1.1861160193e+03,1.1861483851e+03,1.1861803773e+03,1.1862101069e+03,1.1862416681e+03,1.1862739847e+03,1.1863044746e+03,1.1863339085e+03,1.1863625252e+03,1.1863954434e+03,1.1864272376e+03,1.1864579941e+03,1.1864877495e+03,1.1865187993e+03,1.1865518195e+03,1.1865843526e+03,1.1866161614e+03,1.1866475246e+03,1.1866774402e+03,1.1867095750e+03,1.1867418297e+03,1.1867748888e+03,1.1868022307e+03,1.1868304728e+03
-0.5694915254,1.2906423505e+03,5.8996603039e+01,1.4547416165e+02,2.3954085411e+02,3.2318364119e+02,3.8904348387e+02,4.4355094874e+02,4.8879193857e+02,5.2752992711e+02,5.6434242682e+02,5.9858525060e+02,6.3119958779e+02,6.6117140236e+02,6.8887860239e+02,7.1327730028e+02,7.3948452953e+02,7.6467696095e+02,7.8515452928e+02,8.0399557625e+02,8.2332732441e+02,8.4179796714e+02,8.5869958864e+02,8.7468059042e+02,8.8969089780e+02,9.0279040073e+02,9.1648669548e+02,9.3136650015e+02,9.4461299159e+02,9.5617084525e+02,9.6698607385e+02,9.7793057929e+02,9.8731983962e+02,9.9646764433e+02,1.0050969453e+03,1.0130327581e+03,1.0207606225e+03,1.0276669998e+03,1.0348565418e+03,1.0419433796e+03,1.0483188478e+03,1.0546658214e+03,1.0609306472e+03,1.0677010586e+03,1.0743524291e+03,1.0807621721e+03,1.0861884931e+03,1.0910494003e+03,1.0965024344e+03,1.1025052604e+03,1.1083134584e+03,1.1141400799e+03,1.1199659661e+03,1.1255678994e+03,1.1311947004e+03,1.1366012533e+03,1.1419941890e+03,1.1472655176e+03,1.1526453054e+03,1.1577785736e+03,1.1626059161e+03,1.1676574955e+03,1.1724749225e+03,1.1769032260e+03,1.1811389930e+03,1.1856130062e+03,1.1899544034e+03,1.1938492603e+03,1.1978519579e+03,1.2011135567e+03,1.2041246039e+03,1.2074741827e+03,1.2105788602e+03,1.2135861444e+03,1.2164672582e+03,1.2190499048e+03,1.2215138543e+03,1.2239065684e+03,1.2262998312e+03,1.2285427756e+03,1.2305370081e+03,1.2324932453e+03,1.2343491652e+03,1.2359380461e+03,1.2374454556e+03,1.2388956343e+03,1.2403593355e+03,1.2416652464e+03,1.2427595777e+03,1.2438434470e+03,1.2449358710e+03,1.2460467829e+03,1.2471420599e+03,1.2481226214e+03,1.2490211946e+03,1.2498035071e+03,1.2506322177e+03,1.2514082510e+03,1.2521638023e+03,1.2529339835e+03,1.2536160082e+03,1.2542385632e+03,1.2548673909e+03,1.2555190211e+03,1.2561899156e+03,1.2568254263e+03,1.2574236585e+03,1.2579688986e+03,1.2584894091e+03,1.2590224195e+03,1.2595462634e+03,1.2600672874e+03,1.2605628284e+03,1.2610414346e+03,1.2614998510e+03,1.2619175285e+03,1.2623019462e+03,1.2626583193e+03,1.2629938250e+03,1.2633471933e+03,1.2636577226e+03,1.2639657502e+03,1.2642821071e+03,1.2646107541e+03,1.2649441755e+03,1.2652417647e+03,1.2655469740e+03,1.2658205783e+03,1.2660976195e+03,1.2663455093e+03,1.2666049306e+03,1.2668581768e+03,1.2671106738e+03,1.2673606310e+03,1.2675986785e+03,1.2678383777e+03,1.2680616880e+03,1.2682845073e+03,1.2684951410e+03,1.2687105607e+03,1.2689404726e+03,1.2691714188e+03,1.2693959765e+03,1.2696119291e+03,1.2698238864e+03,1.2700503843e+03,1.2702910260e+03,1.2705181404e+03,1.2707427879e+03,1.2709746989e+03,1.2711947129e+03,1.2714106154e+03,1.2716201091e+03,1.2718324028e+03,1.2720504216e+03,1.2722632008e+03,1.2724753212e+03,1.2726701944e+03,1.2728672036e+03,1.2730648969e+03,1.2732506968e+03,1.2734385082e+03,1.2736263398e+03,1.2738028986e+03,1.2739628233e+03,1.2741226634e+03,1.2742857171e+03,1.2744412037e+03,1.2745896572e+03,1.2747384624e+03,1.2748713707e+03,1.2749946622e+03,1.2751178725e+03,1.2752482069e+03,1.2753743103e+03,1.2754908627e+03,1.2755994604e+03,1.2757071997e+03,1.2758141153e+03,1.2759199285e+03,1.2760290046e+03,1.2761337415e+03,1.2762327824e+03,1.2763283193e+03,1.2764189727e+03,1.2765006376e+03,1.2765809701e+03,1.2766699970e+03,1.2767588541e+03,1.2768434804e+03,1.2769245690e+03,1.2770007706e+03,1.2770813113e+03,1.2771585739e+03,1.2772326087e+03,1.2773030643e+03,1.2773746834e+03,1.2774432661e+03,1.2775090499e+03,1.2775694897e+03,1.2776284677e+03,1.2776850975e+03,1.2777411516e+03,1.2777943584e+03,1.2778476329e+03,1.2778976725e+03,1.2779484943e+03,1.2779981663e+03,1.2780440227e+03,1.2780897488e+03,1.2781328666e+03,1.2781747553e+03,1.2782185799e+03,1.2782616531e+03,1.2783009035e+03,1.2783406757e+03,1.2783784253e+03,1.2784164260e+03,1.2784527317e+03,1.2784915608e+03,1.2785289365e+03,1.2785653735e+03,1.2786000533e+03,1.2786359228e+03,1.2786704214e+03,1.2787060706e+03,1.2787409289e+03,1.2787739731e+03,1.2788061915e+03,1.2788372780e+03,1.2788661753e+03,1.2788978448e+03,1.2789283767e+03,1.2789555663e+03,1.2789834791e+03,1.2790122592e+03,1.2790425846e+03,1.2790702485e+03,1.2790979606e+03,1.2791249017e+03,1.2791532038e+03,1.2791826378e+03,1.2792102841e+03,1.2792372274e+03,1.2792643656e+03,1.2792912829e+03,1.2793200679e+03,1.2793485768e+03,1.2793776261e+03,1.2794022989e+03,1.2794266184e+03
-0.5610169492,1.3995556691e+03,6.1368177893e+01,1.5142034182e+02,2.4965459831e+02,3.3698457419e+02,4.0599591542e+02,4.6349156296e+02,5.1136806974e+02,5.5244626695e+02,5.9150725302e+02,6.2780422284e+02,6.6236180825e+02,6.9410262347e+02,7.2347478204e+02,7.4944499120e+02,7.7735253623e+02,8.0417951036e+02,8.2599956010e+02,8.4610260758e+02,8.6682955284e+02,8.8677994110e+02,9.0503750183e+02,9.2231374555e+02,9.3860716930e+02,9.5289995263e+02,9.6791359894e+02,9.8424772613e+02,9.9887227520e+02,1.0117117302e+03,1.0236408826e+03,1.0356653561e+03,1.0459414876e+03,1.0560086049e+03,1.0655927166e+03,1.0744869940e+03,1.0831640789e+03,1.0908929372e+03,1.0987825710e+03,1.1065914955e+03,1.1136541465e+03,1.1206649733e+03,1.1276280430e+03,1.1352315632e+03,1.1427091061e+03,1.1498908084e+03,1.1559682131e+03,1.1615055235e+03,1.1677469821e+03,1.1746959026e+03,1.1815403041e+03,1.1884741003e+03,1.1955512155e+03,1.2020918022e+03,1.2085952934e+03,1.2149972563e+03,1.2213561234e+03,1.2276016228e+03,1.2340668591e+03,1.2402323093e+03,1.2461078836e+03,1.2522598585e+03,1.2581079000e+03,1.2634744627e+03,1.2686480745e+03,1.2741712286e+03,1.2794857748e+03,1.2841158562e+03,1.2887897631e+03,1.2925729418e+03,1.2962936146e+03,1.3002459177e+03,1.3038513189e+03,1.3074399335e+03,1.3108761388e+03,1.3138969766e+03,1.3167908684e+03,1.3196239759e+03,1.3224320112e+03,1.3250258611e+03,1.3273940304e+03,1.3297573590e+03,1.3319512320e+03,1.3338405470e+03,1.3356389974e+03,1.3373723017e+03,1.3391327831e+03,1.3407235271e+03,1.3421178701e+03,1.3434526630e+03,1.3447642717e+03,1.3461510343e+03,1.3475170444e+03,1.3487779087e+03,1.3499894220e+03,1.3510129796e+03,1.3519754644e+03,1.3528995261e+03,1.3538536556e+03,1.3548466759e+03,1.3557517730e+03,1.3565985349e+03,1.3573710852e+03,1.3581869765e+03,1.3590571434e+03,1.3598710543e+03,1.3606462427e+03,1.3613678974e+03,1.3620648149e+03,1.3627557440e+03,1.3634498579e+03,1.3641458650e+03,1.3648060764e+03,1.3654338533e+03,1.3660340165e+03,1.3665933743e+03,1.3671245603e+03,1.3675931244e+03,1.3680466062e+03,1.3685298104e+03,1.3689406188e+03,1.3693499733e+03,1.3697671883e+03,1.3701987694e+03,1.3706199061e+03,1.3710062642e+03,1.3714011618e+03,1.3717507795e+03,1.3721117653e+03,1.3724439145e+03,1.3727852095e+03,1.3731077039e+03,1.3734392375e+03,1.3737603163e+03,1.3740611259e+03,1.3743548954e+03,1.3746303083e+03,1.3749096781e+03,1.3751747366e+03,1.3754498970e+03,1.3757326076e+03,1.3759999116e+03,1.3762828306e+03,1.3765646021e+03,1.3768488222e+03,1.3771439452e+03,1.3774414477e+03,1.3777154423e+03,1.3779978550e+03,1.3782718262e+03,1.3785284360e+03,1.3787863089e+03,1.3790363176e+03,1.3792867680e+03,1.3795368887e+03,1.3797810218e+03,1.3800145535e+03,1.3802411941e+03,1.3804766419e+03,1.3807056256e+03,1.3809168788e+03,1.3811346445e+03,1.3813463129e+03,1.3815318294e+03,1.3817093110e+03,1.3818918792e+03,1.3820741139e+03,1.3822459083e+03,1.3824122330e+03,1.3825726494e+03,1.3827137445e+03,1.3828585722e+03,1.3830064077e+03,1.3831529464e+03,1.3832907074e+03,1.3834207548e+03,1.3835442839e+03,1.3836725913e+03,1.3837952689e+03,1.3839182043e+03,1.3840468052e+03,1.3841668071e+03,1.3842783544e+03,1.3843846908e+03,1.3844867628e+03,1.3845873143e+03,1.3846888677e+03,1.3847980787e+03,1.3849008847e+03,1.3849910920e+03,1.3850887834e+03,1.3851863318e+03,1.3852833490e+03,1.3853743188e+03,1.3854630719e+03,1.3855482810e+03,1.3856328070e+03,1.3857122737e+03,1.3857861593e+03,1.3858648678e+03,1.3859405934e+03,1.3860144820e+03,1.3860872331e+03,1.3861554856e+03,1.3862213255e+03,1.3862850661e+03,1.3863477037e+03,1.3864111627e+03,1.3864682120e+03,1.3865245516e+03,1.3865791434e+03,1.3866369087e+03,1.3866934616e+03,1.3867475271e+03,1.3867962131e+03,1.3868448656e+03,1.3868922997e+03,1.3869404943e+03,1.3869869423e+03,1.3870339454e+03,1.3870785885e+03,1.3871226677e+03,1.3871677320e+03,1.3872145250e+03,1.3872561643e+03,1.3872966162e+03,1.3873381096e+03,1.3873791677e+03,1.3874176857e+03,1.3874540065e+03,1.3874882422e+03,1.3875237287e+03,1.3875571487e+03,1.3875884161e+03,1.3876203177e+03,1.3876504096e+03,1.3876806754e+03,1.3877088015e+03,1.3877371236e+03,1.3877649492e+03,1.3877924764e+03,1.3878197853e+03,1.3878445526e+03,1.3878692558e+03,1.3878942540e+03,1.3879194767e+03,1.3879449886e+03,1.3879685318e+03,1.3879911387e+03,1.3880134673e+03,1.3880361330e+03
-0.5525423729,1.5304547190e+03,6.3846802041e+01,1.5762457423e+02,2.6020993798e+02,3.5139342968e+02,4.2371585859e+02,4.8438179760e+02,5.3507073500e+02,5.7866666020e+02,6.2016107102e+02,6.5867971228e+02,6.9534137481e+02,7.2901615564e+02,7.6021401511e+02,7.8792148326e+02,8.1769576318e+02,8.4632183342e+02,8.6963384052e+02,8.9115446436e+02,9.1346214317e+02,9.3509951908e+02,9.5490671671e+02,9.7367823478e+02,9.9146667889e+02,1.0071588367e+03,1.0237100013e+03,1.0417283415e+03,1.0579609478e+03,1.0723603083e+03,1.0856992751e+03,1.0990247238e+03,1.1102959160e+03,1.1214041307e+03,1.1321135811e+03,1.1421401315e+03,1.1519321802e+03,1.1606810610e+03,1.1694227721e+03,1.1780882505e+03,1.1859736697e+03,1.1937614612e+03,1.2015312228e+03,1.2100947173e+03,1.2185284953e+03,1.2266056496e+03,1.2334513882e+03,1.2398139815e+03,1.2469873777e+03,1.2550300827e+03,1.2630473682e+03,1.2712262599e+03,1.2797831554e+03,1.2877053048e+03,1.2954262567e+03,1.3032873754e+03,1.3107850649e+03,1.3180526733e+03,1.3257295833e+03,1.3330749672e+03,1.3401187643e+03,1.3475247292e+03,1.3545970192e+03,1.3611570913e+03,1.3674939674e+03,1.3742823600e+03,1.3807659595e+03,1.3862981280e+03,1.3917779661e+03,1.3962435458e+03,1.4008700320e+03,1.4055723267e+03,1.4098103841e+03,1.4141329230e+03,1.4182916924e+03,1.4219197121e+03,1.4253634764e+03,1.4287357836e+03,1.4320554459e+03,1.4350978500e+03,1.4379706818e+03,1.4408750102e+03,1.4435352752e+03,1.4458634226e+03,1.4480694526e+03,1.4501846660e+03,1.4523367099e+03,1.4543289079e+03,1.4561709019e+03,1.4579319200e+03,1.4595477088e+03,1.4612850903e+03,1.4630058789e+03,1.4646548629e+03,1.4662739950e+03,1.4676913433e+03,1.4690021620e+03,1.4701810337e+03,1.4714017130e+03,1.4727245172e+03,1.4739847008e+03,1.4752683149e+03,1.4764873328e+03,1.4775736589e+03,1.4786237625e+03,1.4796611726e+03,1.4807245709e+03,1.4817689939e+03,1.4827934122e+03,1.4837521475e+03,1.4847307966e+03,1.4857283953e+03,1.4866815686e+03,1.4875860170e+03,1.4884773419e+03,1.4893252909e+03,1.4901431071e+03,1.4908644306e+03,1.4915479825e+03,1.4922855294e+03,1.4929359021e+03,1.4935583418e+03,1.4941496995e+03,1.4947284334e+03,1.4953188999e+03,1.4959066380e+03,1.4964874546e+03,1.4970081232e+03,1.4975580973e+03,1.4980571885e+03,1.4985678662e+03,1.4990492106e+03,1.4995579908e+03,1.5000419882e+03,1.5004961534e+03,1.5009301004e+03,1.5013393134e+03,1.5017696824e+03,1.5021913452e+03,1.5026361963e+03,1.5030758924e+03,1.5034881820e+03,1.5039332974e+03,1.5043646281e+03,1.5047845984e+03,1.5052148429e+03,1.5056547317e+03,1.5060562426e+03,1.5064625254e+03,1.5068338535e+03,1.5071900519e+03,1.5075516512e+03,1.5079069386e+03,1.5082548211e+03,1.5085909541e+03,1.5089188062e+03,1.5092269845e+03,1.5095247544e+03,1.5098259977e+03,1.5101147682e+03,1.5103791491e+03,1.5106508586e+03,1.5108996481e+03,1.5111196189e+03,1.5113433268e+03,1.5115658109e+03,1.5117783435e+03,1.5119740466e+03,1.5121667636e+03,1.5123570702e+03,1.5125305951e+03,1.5127041612e+03,1.5128768421e+03,1.5130387352e+03,1.5131846667e+03,1.5133274059e+03,1.5134779135e+03,1.5136306690e+03,1.5137688446e+03,1.5139013094e+03,1.5140293437e+03,1.5141470315e+03,1.5142637101e+03,1.5143827385e+03,1.5145004022e+03,1.5146143225e+03,1.5147233210e+03,1.5148323791e+03,1.5149309086e+03,1.5150239165e+03,1.5151284204e+03,1.5152308054e+03,1.5153321681e+03,1.5154275804e+03,1.5155184974e+03,1.5156073544e+03,1.5156907627e+03,1.5157721234e+03,1.5158582761e+03,1.5159509799e+03,1.5160354737e+03,1.5161210512e+03,1.5162056429e+03,1.5162838755e+03,1.5163590676e+03,1.5164360767e+03,1.5165066667e+03,1.5165761916e+03,1.5166423992e+03,1.5167160592e+03,1.5167871568e+03,1.5168570186e+03,1.5169214136e+03,1.5169867810e+03,1.5170473605e+03,1.5171059741e+03,1.5171652776e+03,1.5172245822e+03,1.5172842805e+03,1.5173435897e+03,1.5174016194e+03,1.5174596209e+03,1.5175185694e+03,1.5175793774e+03,1.5176354950e+03,1.5176934075e+03,1.5177529177e+03,1.5178099969e+03,1.5178632109e+03,1.5179129035e+03,1.5179620886e+03,1.5180120591e+03,1.5180604981e+03,1.5181030681e+03,1.5181428139e+03,1.5181828173e+03,1.5182234716e+03,1.5182637483e+03,1.5183000335e+03,1.5183351116e+03,1.5183688270e+03,1.5184035433e+03,1.5184369732e+03,1.5184708439e+03,1.5185035155e+03,1.5185341792e+03,1.5185661405e+03,1.5185964197e+03,1.5186264957e+03,1.5186540564e+03,1.5186797174e+03
-0.5440677966,1.6954003993e+03,6.6437411127e+01,1.6409611705e+02,2.7122012641e+02,3.6642719313e+02,4.4222479553e+02,5.0625119775e+02,5.5993881637e+02,6.0624242664e+02,6.5036933147e+02,6.9128918127e+02,7.3022786508e+02,7.6601803862e+02,7.9921813260e+02,8.2884576231e+02,8.6066701627e+02,8.9127368836e+02,9.1624657550e+02,9.3936221396e+02,9.6346249169e+02,9.8702422398e+02,1.0086040049e+03,1.0291049377e+03,1.0486363858e+03,1.0659685103e+03,1.0843127816e+03,1.1042799732e+03,1.1223820379e+03,1.1386514596e+03,1.1537878660e+03,1.1687531420e+03,1.1811317166e+03,1.1933574523e+03,1.2053689275e+03,1.2167228212e+03,1.2278013734e+03,1.2377629285e+03,1.2475429058e+03,1.2572423939e+03,1.2661324437e+03,1.2748395799e+03,1.2835212232e+03,1.2931626782e+03,1.3026848278e+03,1.3117827645e+03,1.3195239127e+03,1.3268969704e+03,1.3351445814e+03,1.3443883264e+03,1.3536031688e+03,1.3628850218e+03,1.3723777885e+03,1.3815561460e+03,1.3908727622e+03,1.4000946438e+03,1.4093531232e+03,1.4183351592e+03,1.4277614870e+03,1.4367402514e+03,1.4455214710e+03,1.4545541533e+03,1.4630508794e+03,1.4709606249e+03,1.4787721855e+03,1.4871353040e+03,1.4950322776e+03,1.5016972810e+03,1.5081844351e+03,1.5135322829e+03,1.5192889249e+03,1.5249596589e+03,1.5300188891e+03,1.5352518761e+03,1.5403352175e+03,1.5448203574e+03,1.5490330589e+03,1.5530873728e+03,1.5570302582e+03,1.5606361680e+03,1.5641679724e+03,1.5677685384e+03,1.5710549744e+03,1.5740124911e+03,1.5768097217e+03,1.5794585034e+03,1.5821400941e+03,1.5846981336e+03,1.5871535014e+03,1.5895575733e+03,1.5917128231e+03,1.5939284436e+03,1.5961331091e+03,1.5983652426e+03,1.6005850802e+03,1.6025554244e+03,1.6044451850e+03,1.6061309686e+03,1.6078004805e+03,1.6096301201e+03,1.6114445052e+03,1.6133409858e+03,1.6151429135e+03,1.6168480574e+03,1.6184894684e+03,1.6199869344e+03,1.6215540040e+03,1.6232103227e+03,1.6249510468e+03,1.6266822658e+03,1.6282237384e+03,1.6298236770e+03,1.6311947245e+03,1.6324440802e+03,1.6337771386e+03,1.6351369638e+03,1.6364594337e+03,1.6376263429e+03,1.6387999963e+03,1.6400339318e+03,1.6411383838e+03,1.6422521561e+03,1.6433750353e+03,1.6444172604e+03,1.6453823437e+03,1.6463826741e+03,1.6474762244e+03,1.6484552707e+03,1.6494146704e+03,1.6502541400e+03,1.6510178895e+03,1.6518052813e+03,1.6526933661e+03,1.6535437978e+03,1.6543742577e+03,1.6551632605e+03,1.6559527372e+03,1.6567668786e+03,1.6575645690e+03,1.6584131544e+03,1.6592618082e+03,1.6600824203e+03,1.6609474428e+03,1.6617642085e+03,1.6625143035e+03,1.6632808778e+03,1.6640849685e+03,1.6648000544e+03,1.6655009954e+03,1.6661708313e+03,1.6668624389e+03,1.6675461043e+03,1.6682067996e+03,1.6688272022e+03,1.6693968753e+03,1.6699579674e+03,1.6705013506e+03,1.6710435133e+03,1.6715662818e+03,1.6720559179e+03,1.6724821874e+03,1.6729118141e+03,1.6733084073e+03,1.6736803809e+03,1.6740304028e+03,1.6743798001e+03,1.6747128074e+03,1.6750281542e+03,1.6753375784e+03,1.6756486273e+03,1.6759184385e+03,1.6761573019e+03,1.6763976183e+03,1.6766305067e+03,1.6768526382e+03,1.6770799492e+03,1.6773050513e+03,1.6775141266e+03,1.6776980938e+03,1.6778691396e+03,1.6780370543e+03,1.6781979284e+03,1.6783516614e+03,1.6785040403e+03,1.6786507870e+03,1.6787887739e+03,1.6789199229e+03,1.6790443593e+03,1.6791616371e+03,1.6792714926e+03,1.6793858610e+03,1.6794965008e+03,1.6796082183e+03,1.6797178768e+03,1.6798194691e+03,1.6799168192e+03,1.6800068045e+03,1.6801018063e+03,1.6802005426e+03,1.6803044997e+03,1.6803958601e+03,1.6804872241e+03,1.6805769557e+03,1.6806550194e+03,1.6807266733e+03,1.6808021214e+03,1.6808753569e+03,1.6809495472e+03,1.6810197340e+03,1.6810943138e+03,1.6811636708e+03,1.6812297860e+03,1.6812918561e+03,1.6813578200e+03,1.6814205922e+03,1.6814830203e+03,1.6815444741e+03,1.6816022465e+03,1.6816627607e+03,1.6817242244e+03,1.6817835170e+03,1.6818431307e+03,1.6819042027e+03,1.6819691126e+03,1.6820309592e+03,1.6820924702e+03,1.6821515058e+03,1.6822088824e+03,1.6822671663e+03,1.6823206252e+03,1.6823731765e+03,1.6824259592e+03,1.6824779236e+03,1.6825245237e+03,1.6825694226e+03,1.6826140626e+03,1.6826567011e+03,1.6827024010e+03,1.6827461427e+03,1.6827882607e+03,1.6828273582e+03,1.6828686216e+03,1.6829101667e+03,1.6829513881e+03,1.6829911300e+03,1.6830288608e+03,1.6830685061e+03,1.6831041008e+03,1.6831411082e+03,1.6831773209e+03,1.6832132434e+03
-0.5355932203,1.9233593186e+03,6.9145133134e+01,1.7084414582e+02,2.8269753471e+02,3.8210110010e+02,4.6154155027e+02,5.2912593265e+02,5.8600725665e+02,6.3522092575e+02,6.8219344829e+02,7.2570563759e+02,7.6710616930e+02,8.0521037797e+02,8.4060530997e+02,8.7235347797e+02,9.0641503928e+02,9.3920151019e+02,9.6602564126e+02,9.9093783347e+02,1.0170712827e+03,1.0428278687e+03,1.0664358583e+03,1.0889394200e+03,1.1105025683e+03,1.1297539425e+03,1.1501862091e+03,1.1724048424e+03,1.1926717111e+03,1.2111408264e+03,1.2285288837e+03,1.2456830578e+03,1.2594108575e+03,1.2726863133e+03,1.2861278901e+03,1.2990177878e+03,1.3115617361e+03,1.3229122888e+03,1.3339257755e+03,1.3448751542e+03,1.3550108633e+03,1.3648593791e+03,1.3745669701e+03,1.3853711269e+03,1.3961088041e+03,1.4063656531e+03,1.4151301089e+03,1.4237113948e+03,1.4332011393e+03,1.4437688585e+03,1.4542617750e+03,1.4648354780e+03,1.4757929989e+03,1.4868302959e+03,1.4979814130e+03,1.5090080646e+03,1.5200559104e+03,1.5307491032e+03,1.5420668531e+03,1.5528688019e+03,1.5635352155e+03,1.5743503301e+03,1.5844768533e+03,1.5940690857e+03,1.6036496305e+03,1.6138390589e+03,1.6233716063e+03,1.6314144079e+03,1.6391605201e+03,1.6456344314e+03,1.6527541352e+03,1.6596649242e+03,1.6658113070e+03,1.6721305806e+03,1.6782978617e+03,1.6838198273e+03,1.6891095602e+03,1.6941939442e+03,1.6990719228e+03,1.7035050479e+03,1.7078227472e+03,1.7122050746e+03,1.7162285344e+03,1.7200412069e+03,1.7236860309e+03,1.7270893735e+03,1.7304472513e+03,1.7336737114e+03,1.7367281914e+03,1.7397305763e+03,1.7429000930e+03,1.7460960456e+03,1.7491575065e+03,1.7523258883e+03,1.7554544691e+03,1.7582348611e+03,1.7609661600e+03,1.7634120785e+03,1.7659652338e+03,1.7687365036e+03,1.7715547108e+03,1.7745031324e+03,1.7772791013e+03,1.7799932991e+03,1.7825956829e+03,1.7849816224e+03,1.7875936675e+03,1.7903481623e+03,1.7932264169e+03,1.7958711525e+03,1.7982321879e+03,1.8007592486e+03,1.8033077695e+03,1.8058859419e+03,1.8085327809e+03,1.8110083404e+03,1.8133658954e+03,1.8154925844e+03,1.8177370547e+03,1.8200109857e+03,1.8220285624e+03,1.8239712001e+03,1.8258857099e+03,1.8279151551e+03,1.8300327076e+03,1.8321860100e+03,1.8341867350e+03,1.8360756345e+03,1.8380646206e+03,1.8398358323e+03,1.8416686583e+03,1.8434876528e+03,1.8454481025e+03,1.8472913332e+03,1.8491143523e+03,1.8507856791e+03,1.8526134467e+03,1.8544486940e+03,1.8562426676e+03,1.8581493241e+03,1.8600881310e+03,1.8619264000e+03,1.8638215271e+03,1.8656512746e+03,1.8673916062e+03,1.8691022144e+03,1.8708877034e+03,1.8724350314e+03,1.8739712831e+03,1.8755464680e+03,1.8771505708e+03,1.8786926546e+03,1.8801634483e+03,1.8815719525e+03,1.8829149158e+03,1.8842093139e+03,1.8854240015e+03,1.8866217620e+03,1.8877408704e+03,1.8888371700e+03,1.8898225779e+03,1.8907685223e+03,1.8915750557e+03,1.8924024197e+03,1.8932084302e+03,1.8940165494e+03,1.8947608966e+03,1.8954491468e+03,1.8960831263e+03,1.8967238695e+03,1.8972932139e+03,1.8978465890e+03,1.8983827220e+03,1.8988545265e+03,1.8992959134e+03,1.8997777525e+03,1.9002557469e+03,1.9006763046e+03,1.9010543001e+03,1.9014022868e+03,1.9017485423e+03,1.9020829141e+03,1.9024008405e+03,1.9027170761e+03,1.9030150018e+03,1.9032894306e+03,1.9035492126e+03,1.9037947661e+03,1.9040295516e+03,1.9042532919e+03,1.9044788372e+03,1.9046958338e+03,1.9049149949e+03,1.9051387905e+03,1.9053478072e+03,1.9055623251e+03,1.9057536546e+03,1.9059362843e+03,1.9061062546e+03,1.9062903304e+03,1.9064519438e+03,1.9066106139e+03,1.9067709594e+03,1.9069068826e+03,1.9070291133e+03,1.9071668581e+03,1.9073032321e+03,1.9074323565e+03,1.9075537338e+03,1.9076755613e+03,1.9077903718e+03,1.9078993403e+03,1.9080041148e+03,1.9081126124e+03,1.9082123728e+03,1.9083109018e+03,1.9084071106e+03,1.9085035437e+03,1.9086076721e+03,1.9087062419e+03,1.9088004883e+03,1.9088944124e+03,1.9089830183e+03,1.9090723255e+03,1.9091622629e+03,1.9092501292e+03,1.9093264615e+03,1.9094032799e+03,1.9094862582e+03,1.9095587523e+03,1.9096292403e+03,1.9096986977e+03,1.9097642737e+03,1.9098244120e+03,1.9098843943e+03,1.9099455568e+03,1.9100027958e+03,1.9100613198e+03,1.9101151903e+03,1.9101670005e+03,1.9102187390e+03,1.9102714659e+03,1.9103213762e+03,1.9103677278e+03,1.9104148898e+03,1.9104606428e+03,1.9105068506e+03,1.9105498350e+03,1.9105923525e+03,1.9106315200e+03,1.9106697944e+03
-0.5271186441,2.3022136877e+03,7.1975289327e+01,1.7787767386e+02,2.9465337715e+02,3.9842812637e+02,4.8168149193e+02,5.5302765218e+02,6.1330554708e+02,6.6564369821e+02,7.1568846510e+02,7.6199477834e+02,8.0605316529e+02,8.4668764699e+02,8.8448579064e+02,9.1857200738e+02,9.5507878168e+02,9.9026230005e+02,1.0191513752e+03,1.0460877834e+03,1.0745256224e+03,1.1027833243e+03,1.1287111493e+03,1.1535347561e+03,1.1774633572e+03,1.1989557387e+03,1.2218134329e+03,1.2466264427e+03,1.2693899897e+03,1.2903979745e+03,1.3104741261e+03,1.3305408227e+03,1.3465366857e+03,1.3606199085e+03,1.3752734488e+03,1.3898568924e+03,1.4040395250e+03,1.4169445740e+03,1.4293761590e+03,1.4418004244e+03,1.4534469487e+03,1.4647847489e+03,1.4757178448e+03,1.4877051129e+03,1.4997558311e+03,1.5113232314e+03,1.5212246583e+03,1.5312116759e+03,1.5421533591e+03,1.5541986043e+03,1.5661194585e+03,1.5782776471e+03,1.5910562911e+03,1.6040072762e+03,1.6170323429e+03,1.6300764410e+03,1.6430641563e+03,1.6556487178e+03,1.6691018418e+03,1.6819900182e+03,1.6948105439e+03,1.7076116290e+03,1.7195354606e+03,1.7310930669e+03,1.7427637847e+03,1.7550490936e+03,1.7664472903e+03,1.7761085078e+03,1.7853643243e+03,1.7932190550e+03,1.8019216601e+03,1.8103673406e+03,1.8179502716e+03,1.8254984578e+03,1.8328210905e+03,1.8394261090e+03,1.8459514596e+03,1.8522737545e+03,1.8582702573e+03,1.8637092306e+03,1.8690882066e+03,1.8744668001e+03,1.8794716927e+03,1.8843477844e+03,1.8890242555e+03,1.8933678968e+03,1.8975871473e+03,1.9017624699e+03,1.9057349190e+03,1.9100097593e+03,1.9146191754e+03,1.9190418392e+03,1.9233015124e+03,1.9278206284e+03,1.9322295235e+03,1.9361488841e+03,1.9401386533e+03,1.9438496647e+03,1.9479680883e+03,1.9523545833e+03,1.9568898622e+03,1.9616136017e+03,1.9661065872e+03,1.9706165677e+03,1.9749489948e+03,1.9789664141e+03,1.9833813804e+03,1.9881358980e+03,1.9932100406e+03,1.9978829097e+03,2.0020858656e+03,2.0066590746e+03,2.0113412361e+03,2.0162531257e+03,2.0213138061e+03,2.0260052618e+03,2.0306084086e+03,2.0349118725e+03,2.0394898013e+03,2.0442288689e+03,2.0487392711e+03,2.0533292578e+03,2.0578866636e+03,2.0620561708e+03,2.0661252741e+03,2.0705106422e+03,2.0749223969e+03,2.0796176136e+03,2.0844307390e+03,2.0886146018e+03,2.0927832928e+03,2.0971513739e+03,2.1019135244e+03,2.1064377571e+03,2.1108341720e+03,2.1150474640e+03,2.1198711380e+03,2.1246123527e+03,2.1292242075e+03,2.1340583447e+03,2.1390801195e+03,2.1438278662e+03,2.1486803144e+03,2.1534901180e+03,2.1583212378e+03,2.1631006744e+03,2.1682306897e+03,2.1728893871e+03,2.1771357328e+03,2.1811686339e+03,2.1853638413e+03,2.1895420658e+03,2.1936217523e+03,2.1976421782e+03,2.2013982459e+03,2.2048815083e+03,2.2081999011e+03,2.2115121045e+03,2.2146080360e+03,2.2176771351e+03,2.2203537831e+03,2.2229392410e+03,2.2253637135e+03,2.2278794868e+03,2.2301104337e+03,2.2322265685e+03,2.2341716423e+03,2.2361087299e+03,2.2379479270e+03,2.2397793892e+03,2.2413892668e+03,2.2428633840e+03,2.2442641166e+03,2.2456005778e+03,2.2469194379e+03,2.2482451254e+03,2.2495244360e+03,2.2506338956e+03,2.2516983687e+03,2.2527263121e+03,2.2537672970e+03,2.2547580336e+03,2.2556973390e+03,2.2566277625e+03,2.2574917594e+03,2.2583128267e+03,2.2590755927e+03,2.2597993497e+03,2.2605355651e+03,2.2612526380e+03,2.2619443671e+03,2.2626172370e+03,2.2633023807e+03,2.2640147664e+03,2.2646778901e+03,2.2652964346e+03,2.2658374343e+03,2.2664088511e+03,2.2670117867e+03,2.2675922941e+03,2.2680756774e+03,2.2685621843e+03,2.2690529677e+03,2.2695347837e+03,2.2700129304e+03,2.2705066907e+03,2.2709373741e+03,2.2713491439e+03,2.2717820447e+03,2.2722235440e+03,2.2726667711e+03,2.2731121324e+03,2.2735430464e+03,2.2739526692e+03,2.2743239243e+03,2.2747117904e+03,2.2750948149e+03,2.2754560099e+03,2.2758116308e+03,2.2761582089e+03,2.2765111314e+03,2.2768512953e+03,2.2771808019e+03,2.2775248698e+03,2.2778801229e+03,2.2782143536e+03,2.2785247779e+03,2.2788468074e+03,2.2791791456e+03,2.2794870391e+03,2.2797999009e+03,2.2800855707e+03,2.2803609766e+03,2.2806410127e+03,2.2809221390e+03,2.2811891300e+03,2.2814408818e+03,2.2816882363e+03,2.2819311044e+03,2.2821726301e+03,2.2824072439e+03,2.2826337884e+03,2.2828645205e+03,2.2830788576e+03,2.2832947312e+03,2.2835091356e+03,2.2837251474e+03,2.2839253997e+03,2.2841186541e+03,2.2843058356e+03,2.2844849577e+03
-0.5186440678,3.2126264727e+03,7.4933394045e+01,1.8520546010e+02,3.0709739574e+02,4.1541839822e+02,5.0265560489e+02,5.7797213093e+02,6.4185590750e+02,6.9754418292e+02,7.5090013090e+02,8.0021137891e+02,8.4713348220e+02,8.9053188203e+02,9.3095625030e+02,9.6761387317e+02,1.0067797838e+03,1.0445954504e+03,1.0757881248e+03,1.1050040679e+03,1.1360492802e+03,1.1671520154e+03,1.1957302081e+03,1.2232404000e+03,1.2499167111e+03,1.2740170839e+03,1.2996821127e+03,1.3274736210e+03,1.3531041851e+03,1.3769993843e+03,1.4000864031e+03,1.4234799271e+03,1.4434368353e+03,1.4608693015e+03,1.4754636477e+03,1.4907759308e+03,1.5062924998e+03,1.5207834498e+03,1.5347341276e+03,1.5488259942e+03,1.5622107054e+03,1.5754378429e+03,1.5880119344e+03,1.6011746846e+03,1.6145595882e+03,1.6275759214e+03,1.6386950177e+03,1.6502978809e+03,1.6629398394e+03,1.6766330798e+03,1.6901186460e+03,1.7040010973e+03,1.7187213754e+03,1.7335944428e+03,1.7485558888e+03,1.7638313641e+03,1.7788988459e+03,1.7935090243e+03,1.8092726002e+03,1.8244571899e+03,1.8396587618e+03,1.8546176751e+03,1.8684090401e+03,1.8821556931e+03,1.8962406192e+03,1.9108465868e+03,1.9242839869e+03,1.9356993259e+03,1.9466416123e+03,1.9561270880e+03,1.9665592617e+03,1.9767914998e+03,1.9862341139e+03,1.9951371134e+03,2.0035926304e+03,2.0113091684e+03,2.0191676428e+03,2.0267760975e+03,2.0338628340e+03,2.0403046448e+03,2.0469220326e+03,2.0535018460e+03,2.0597573944e+03,2.0658967887e+03,2.0717439426e+03,2.0771030653e+03,2.0823020902e+03,2.0877802848e+03,2.0930675108e+03,2.0989840239e+03,2.1052932268e+03,2.1112980850e+03,2.1171365440e+03,2.1233989473e+03,2.1294318382e+03,2.1349857841e+03,2.1408867392e+03,2.1464854636e+03,2.1527701232e+03,2.1593761290e+03,2.1663768788e+03,2.1736010271e+03,2.1802221534e+03,2.1868667812e+03,2.1936030489e+03,2.2009101202e+03,2.2088523950e+03,2.2169499496e+03,2.2254475063e+03,2.2330335838e+03,2.2409519287e+03,2.2495980970e+03,2.2584925053e+03,2.2679633529e+03,2.2775195153e+03,2.2863829976e+03,2.2954955819e+03,2.3040889333e+03,2.3134269006e+03,2.3228003670e+03,2.3317490446e+03,2.3411745209e+03,2.3511590438e+03,2.3614944368e+03,2.3721573668e+03,2.3831311053e+03,2.3943399929e+03,2.4061948590e+03,2.4183939783e+03,2.4294597308e+03,2.4397959481e+03,2.4508237392e+03,2.4632947562e+03,2.4757934010e+03,2.4879906815e+03,2.4995301600e+03,2.5123707850e+03,2.5256213792e+03,2.5389516156e+03,2.5525537329e+03,2.5671460706e+03,2.5817855538e+03,2.5972016159e+03,2.6125187351e+03,2.6280353102e+03,2.6436014447e+03,2.6607929331e+03,2.6768224047e+03,2.6922595655e+03,2.7070445536e+03,2.7212323009e+03,2.7353865710e+03,2.7492043205e+03,2.7630193257e+03,2.7762290255e+03,2.7890935132e+03,2.8015822701e+03,2.8130176631e+03,2.8229592822e+03,2.8332354936e+03,2.8430240994e+03,2.8526620663e+03,2.8612304546e+03,2.8702225146e+03,2.8781775023e+03,2.8861696365e+03,2.8935337609e+03,2.9006200721e+03,2.9072701473e+03,2.9140914371e+03,2.9203655992e+03,2.9260658708e+03,2.9314835176e+03,2.9367933553e+03,2.9419327829e+03,2.9467534366e+03,2.9517724016e+03,2.9563418552e+03,2.9607542842e+03,2.9650240729e+03,2.9694728153e+03,2.9737178516e+03,2.9776762358e+03,2.9815976813e+03,2.9852961864e+03,2.9889213985e+03,2.9921366606e+03,2.9953859714e+03,2.9987833560e+03,3.0019929926e+03,3.0051205303e+03,3.0082262614e+03,3.0113687373e+03,3.0145670077e+03,3.0174300454e+03,3.0200789766e+03,3.0227440311e+03,3.0255716478e+03,3.0284705622e+03,3.0310731501e+03,3.0334678509e+03,3.0359295632e+03,3.0384370215e+03,3.0410033469e+03,3.0435956136e+03,3.0462402352e+03,3.0486180506e+03,3.0509313737e+03,3.0531788285e+03,3.0554008353e+03,3.0577835417e+03,3.0600789733e+03,3.0623306414e+03,3.0644333599e+03,3.0664253033e+03,3.0685311459e+03,3.0706146195e+03,3.0725622545e+03,3.0745159933e+03,3.0765086981e+03,3.0784631099e+03,3.0803404883e+03,3.0823648334e+03,3.0844331287e+03,3.0865501321e+03,3.0884997819e+03,3.0903998679e+03,3.0923590089e+03,3.0943395053e+03,3.0963044117e+03,3.0982504250e+03,3.1000260019e+03,3.1018634413e+03,3.1037137056e+03,3.1055019072e+03,3.1071691986e+03,3.1089091716e+03,3.1106497246e+03,3.1123173389e+03,3.1139597583e+03,3.1156229041e+03,3.1172029908e+03,3.1188269726e+03,3.1204134161e+03,3.1220271223e+03,3.1236275591e+03,3.1251862174e+03,3.1267034677e+03,3.1282148004e+03,3.1296975292e+03,3.1311593736e+03
-0.5101694915,7.8083346648e+03,7.8025153151e+01,1.9283590311e+02,3.2003750071e+02,4.3307851548e+02,5.2446941236e+02,6.0396767473e+02,6.7167111807e+02,7.3094494226e+02,7.8786128068e+02,8.4039479183e+02,8.9039418447e+02,9.3680654096e+02,9.8009250584e+02,1.0195681497e+03,1.0616122851e+03,1.1023120557e+03,1.1360730201e+03,1.1678521243e+03,1.2018392389e+03,1.2361691895e+03,1.2677692020e+03,1.2983857431e+03,1.3282421559e+03,1.3553635265e+03,1.3842619016e+03,1.4154554286e+03,1.4443616731e+03,1.4715112075e+03,1.4978168821e+03,1.5242504686e+03,1.5464002264e+03,1.5650501021e+03,1.5821073917e+03,1.6004061551e+03,1.6183379601e+03,1.6348580310e+03,1.6506584490e+03,1.6666735943e+03,1.6819948128e+03,1.6974084034e+03,1.7121701525e+03,1.7267082454e+03,1.7413710513e+03,1.7558947522e+03,1.7682593063e+03,1.7817559779e+03,1.7963705765e+03,1.8119511758e+03,1.8272070238e+03,1.8427168546e+03,1.8592456337e+03,1.8759104252e+03,1.8927929092e+03,1.9104482720e+03,1.9277079426e+03,1.9444192334e+03,1.9625288824e+03,1.9800669015e+03,1.9977569105e+03,2.0149970638e+03,2.0306240645e+03,2.0466674716e+03,2.0634347905e+03,2.0805082894e+03,2.0960642244e+03,2.1091138736e+03,2.1217826901e+03,2.1331505090e+03,2.1452687206e+03,2.1573177786e+03,2.1689138804e+03,2.1795979556e+03,2.1896634957e+03,2.1988203387e+03,2.2074067829e+03,2.2157897185e+03,2.2239122075e+03,2.2315347036e+03,2.2391750257e+03,2.2465705446e+03,2.2538366974e+03,2.2611008119e+03,2.2679537838e+03,2.2741923971e+03,2.2805048415e+03,2.2874256314e+03,2.2940285356e+03,2.3015493351e+03,2.3095174427e+03,2.3172154786e+03,2.3248516055e+03,2.3330928196e+03,2.3408366769e+03,2.3481166749e+03,2.3561586787e+03,2.3641437646e+03,2.3729687522e+03,2.3817127999e+03,2.3912181697e+03,2.4008415018e+03,2.4096668852e+03,2.4196547880e+03,2.4300235892e+03,2.4413869627e+03,2.4534803638e+03,2.4657340819e+03,2.4787309013e+03,2.4907436068e+03,2.5031859412e+03,2.5169409442e+03,2.5316667710e+03,2.5478427494e+03,2.5636800546e+03,2.5790025129e+03,2.5950158667e+03,2.6105182118e+03,2.6280067353e+03,2.6457860478e+03,2.6636684559e+03,2.6825254803e+03,2.7026221218e+03,2.7242216066e+03,2.7466320885e+03,2.7699859337e+03,2.7941377921e+03,2.8200395932e+03,2.8472295667e+03,2.8728302041e+03,2.8972711252e+03,2.9232493557e+03,2.9531030153e+03,2.9841636404e+03,3.0158563218e+03,3.0479394441e+03,3.0812703609e+03,3.1163683602e+03,3.1532451238e+03,3.1909080725e+03,3.2324153099e+03,3.2752310473e+03,3.3198935921e+03,3.3663651925e+03,3.4186750963e+03,3.4736799569e+03,3.5339022965e+03,3.5865740086e+03,3.6337344161e+03,3.6854031648e+03,3.7380640352e+03,3.7933970903e+03,3.8478960455e+03,3.9023115264e+03,3.9539126035e+03,4.0079627352e+03,4.0617232542e+03,4.1108077239e+03,4.1573513966e+03,4.2045869574e+03,4.2488585313e+03,4.2945420234e+03,4.3390070553e+03,4.3832000439e+03,4.4199629218e+03,4.4566119956e+03,4.4929608584e+03,4.5290968886e+03,4.5635883291e+03,4.5982538746e+03,4.6316758744e+03,4.6626561567e+03,4.6924558997e+03,4.7216736312e+03,4.7498748801e+03,4.7770973717e+03,4.8075782992e+03,4.8373702102e+03,4.8655605768e+03,4.8911083986e+03,4.9180733141e+03,4.9448116381e+03,4.9701604714e+03,4.9958072907e+03,5.0201889532e+03,5.0436485920e+03,5.0659065307e+03,5.0906829049e+03,5.1156277691e+03,5.1397358097e+03,5.1644569453e+03,5.1883737762e+03,5.2124717430e+03,5.2371633881e+03,5.2595622847e+03,5.2823121336e+03,5.3059273399e+03,5.3306921038e+03,5.3559539417e+03,5.3789515396e+03,5.4018774749e+03,5.4256796395e+03,5.4499432323e+03,5.4754820091e+03,5.5012549728e+03,5.5266704275e+03,5.5504432407e+03,5.5740412675e+03,5.5972776222e+03,5.6216383244e+03,5.6467449563e+03,5.6700356563e+03,5.6937793627e+03,5.7148248250e+03,5.7376113081e+03,5.7616074168e+03,5.7845762411e+03,5.8062591654e+03,5.8291904665e+03,5.8526891984e+03,5.8765966365e+03,5.9000784343e+03,5.9254917428e+03,5.9506585300e+03,5.9768363926e+03,6.0008363147e+03,6.0252633366e+03,6.0505602298e+03,6.0754577422e+03,6.1008358228e+03,6.1249266402e+03,6.1477330318e+03,6.1723685685e+03,6.1963982039e+03,6.2197016144e+03,6.2420194198e+03,6.2669937337e+03,6.2913832115e+03,6.3135246417e+03,6.3359441518e+03,6.3588077028e+03,6.3814490912e+03,6.4055987348e+03,6.4293593412e+03,6.4525576887e+03,6.4747144077e+03,6.4981720122e+03,6.5216029219e+03,6.5439113736e+03,6.5656223706e+03,6.5866619737e+03
-0.5016949153,1.3697049726e+05,8.1256460921e+01,2.0077692002e+02,3.3347936344e+02,4.5141078026e+02,5.4712174083e+02,6.3101326548e+02,7.0275196216e+02,7.6585432643e+02,8.2658741271e+02,8.8256341666e+02,9.3585820305e+02,9.8554877832e+02,1.0319402520e+03,1.0744894718e+03,1.1196306559e+03,1.1634812447e+03,1.2001013954e+03,1.2347548097e+03,1.2720476488e+03,1.3100238654e+03,1.3450584990e+03,1.3792566826e+03,1.4127741949e+03,1.4433731314e+03,1.4759709229e+03,1.5110234399e+03,1.5436478742e+03,1.5744485030e+03,1.6041668558e+03,1.6333824662e+03,1.6567613496e+03,1.6774187775e+03,1.6991592694e+03,1.7208267223e+03,1.7412732031e+03,1.7599792998e+03,1.7777883194e+03,1.7959245113e+03,1.8133520281e+03,1.8310950454e+03,1.8482715664e+03,1.8646379359e+03,1.8806726544e+03,1.8966479637e+03,1.9103424401e+03,1.9260792828e+03,1.9427618757e+03,1.9605348086e+03,1.9785245688e+03,1.9964046433e+03,2.0151813058e+03,2.0328640109e+03,2.0504948779e+03,2.0701351088e+03,2.0894779269e+03,2.1082437455e+03,2.1284442673e+03,2.1479939267e+03,2.1679390851e+03,2.1873993879e+03,2.2049446037e+03,2.2232243270e+03,2.2424841145e+03,2.2618503107e+03,2.2794641325e+03,2.2940641890e+03,2.3084824315e+03,2.3217027057e+03,2.3351165220e+03,2.3483668890e+03,2.3610080332e+03,2.3727198870e+03,2.3834476176e+03,2.3933782660e+03,2.4038065435e+03,2.4136855407e+03,2.4230060802e+03,2.4320212436e+03,2.4410565873e+03,2.4492492896e+03,2.4568920212e+03,2.4645421158e+03,2.4715875554e+03,2.4785824606e+03,2.4863436664e+03,2.4950246422e+03,2.5030935779e+03,2.5110987688e+03,2.5195600594e+03,2.5280667802e+03,2.5366844029e+03,2.5462906654e+03,2.5552972892e+03,2.5637914964e+03,2.5731498312e+03,2.5830639193e+03,2.5943008557e+03,2.6046545419e+03,2.6148184557e+03,2.6254915960e+03,2.6369406324e+03,2.6496502482e+03,2.6621525388e+03,2.6757910863e+03,2.6903221078e+03,2.7048851686e+03,2.7204759017e+03,2.7358074342e+03,2.7517772513e+03,2.7692285874e+03,2.7879076195e+03,2.8089754236e+03,2.8296262780e+03,2.8507629883e+03,2.8725360435e+03,2.8937966055e+03,2.9180337772e+03,2.9437487292e+03,2.9692412248e+03,2.9946884490e+03,3.0230673506e+03,3.0555494563e+03,3.0891138376e+03,3.1246868182e+03,3.1614279863e+03,3.2008036332e+03,3.2420908597e+03,3.2817235705e+03,3.3217358142e+03,3.3643415700e+03,3.4135324040e+03,3.4653230622e+03,3.5176101078e+03,3.5733363839e+03,3.6319460878e+03,3.6965985351e+03,3.7685059771e+03,3.8379356169e+03,3.9100259022e+03,3.9937376477e+03,4.0865435020e+03,4.1827578253e+03,4.2856717776e+03,4.3928395252e+03,4.5170308458e+03,4.6349258635e+03,4.7533995393e+03,4.8785455191e+03,5.0036598955e+03,5.1211098300e+03,5.2437549241e+03,5.3811083362e+03,5.5165222474e+03,5.6550919073e+03,5.7946654260e+03,5.9293118835e+03,6.0636123722e+03,6.1966707111e+03,6.3203636109e+03,6.4535171025e+03,6.5896648977e+03,6.7282395732e+03,6.8515343474e+03,6.9761565054e+03,7.0964557999e+03,7.2134246155e+03,7.3225517693e+03,7.4301740422e+03,7.5410048190e+03,7.6495933950e+03,7.7626929149e+03,7.8792165718e+03,7.9896043319e+03,8.0876781448e+03,8.1946585301e+03,8.3113166254e+03,8.4225956387e+03,8.5331196236e+03,8.6494369301e+03,8.7590168533e+03,8.8560815184e+03,8.9572718486e+03,9.0645600041e+03,9.1755079814e+03,9.2850475189e+03,9.4001230416e+03,9.5146166073e+03,9.6328351311e+03,9.7603394340e+03,9.8890560851e+03,1.0018520973e+04,1.0150526788e+04,1.0274086754e+04,1.0408425023e+04,1.0548662252e+04,1.0692710334e+04,1.0839266076e+04,1.0979181180e+04,1.1128441373e+04,1.1288033284e+04,1.1448849177e+04,1.1618967588e+04,1.1789890620e+04,1.1960853679e+04,1.2135889996e+04,1.2317050116e+04,1.2501535198e+04,1.2692173316e+04,1.2878206943e+04,1.3055087689e+04,1.3245872292e+04,1.3441213215e+04,1.3631378429e+04,1.3814620148e+04,1.3999216851e+04,1.4196844602e+04,1.4428314665e+04,1.4652923715e+04,1.4875497670e+04,1.5089159941e+04,1.5322129660e+04,1.5572866218e+04,1.5839999439e+04,1.6086770911e+04,1.6335590942e+04,1.6609613926e+04,1.6879324034e+04,1.7152982768e+04,1.7433694607e+04,1.7709140950e+04,1.7980111271e+04,1.8257648362e+04,1.8568122598e+04,1.8878722873e+04,1.9199157648e+04,1.9514537551e+04,1.9832094537e+04,2.0164546053e+04,2.0489271693e+04,2.0827384247e+04,2.1188881574e+04,2.1553797940e+04,2.1925316839e+04,2.2265441190e+04,2.2640896353e+04,2.3038370479e+04,2.3424828409e+04,2.3805082274e+04,2.4178163014e+04
-0.4932203390,1.8709956433e+04,8.4633395126e+01,2.0903580906e+02,3.4742595923e+02,4.7041232551e+02,5.7060331527e+02,6.5909642365e+02,7.3508424440e+02,8.0226251058e+02,8.6707135758e+02,9.2670800987e+02,9.8351634970e+02,1.0367598905e+03,1.0865035116e+03,1.1323842745e+03,1.1808337850e+03,1.2281130734e+03,1.2679082354e+03,1.3057716903e+03,1.3467582262e+03,1.3888322758e+03,1.4277535402e+03,1.4660632409e+03,1.5037649269e+03,1.5383340886e+03,1.5751278523e+03,1.6145176164e+03,1.6513247263e+03,1.6862028110e+03,1.7195966390e+03,1.7519103400e+03,1.7779975910e+03,1.8022799387e+03,1.8277043782e+03,1.8524189791e+03,1.8753829964e+03,1.8964105372e+03,1.9163790214e+03,1.9368231007e+03,1.9565165850e+03,1.9766510358e+03,1.9960377767e+03,2.0142979024e+03,2.0319581690e+03,2.0494419871e+03,2.0649664710e+03,2.0827485603e+03,2.1007374458e+03,2.1198235745e+03,2.1389065446e+03,2.1579377586e+03,2.1777419523e+03,2.1974287607e+03,2.2177792962e+03,2.2400750229e+03,2.2617856177e+03,2.2829410465e+03,2.3053908289e+03,2.3267689783e+03,2.3486185336e+03,2.3699887802e+03,2.3893249734e+03,2.4095988593e+03,2.4308714781e+03,2.4520058040e+03,2.4713331791e+03,2.4874959325e+03,2.5034955131e+03,2.5180498515e+03,2.5321877464e+03,2.5460662882e+03,2.5594219677e+03,2.5721666585e+03,2.5836962119e+03,2.5947207585e+03,2.6061063618e+03,2.6164761140e+03,2.6262055040e+03,2.6356536383e+03,2.6448965808e+03,2.6531492199e+03,2.6612150956e+03,2.6689877675e+03,2.6762593572e+03,2.6835100936e+03,2.6915071185e+03,2.7001321406e+03,2.7077192656e+03,2.7159013473e+03,2.7246678898e+03,2.7335503986e+03,2.7425776170e+03,2.7524675259e+03,2.7617011835e+03,2.7703667407e+03,2.7792354885e+03,2.7889083983e+03,2.7993783961e+03,2.8091516845e+03,2.8196754153e+03,2.8301866106e+03,2.8410964635e+03,2.8523765932e+03,2.8637438871e+03,2.8768283325e+03,2.8902705107e+03,2.9038403409e+03,2.9187175001e+03,2.9332703008e+03,2.9481277952e+03,2.9638107347e+03,2.9808680793e+03,2.9996652611e+03,3.0174153080e+03,3.0362946111e+03,3.0549365316e+03,3.0749614301e+03,3.0969513185e+03,3.1202690421e+03,3.1435901034e+03,3.1662782620e+03,3.1922294050e+03,3.2212524192e+03,3.2503509314e+03,3.2817274953e+03,3.3136959735e+03,3.3476247316e+03,3.3837516698e+03,3.4191381066e+03,3.4529241724e+03,3.4881425075e+03,3.5290637329e+03,3.5706481387e+03,3.6141306733e+03,3.6611784259e+03,3.7083219412e+03,3.7587763887e+03,3.8161738070e+03,3.8717452107e+03,3.9277628382e+03,3.9895039875e+03,4.0541311943e+03,4.1256496782e+03,4.2040869057e+03,4.2874444105e+03,4.3778866282e+03,4.4616638304e+03,4.5447810576e+03,4.6321318898e+03,4.7164393655e+03,4.8015032949e+03,4.8934455998e+03,4.9903711416e+03,5.0850098573e+03,5.1862386191e+03,5.2856735545e+03,5.3824307529e+03,5.4754218680e+03,5.5653674905e+03,5.6517826672e+03,5.7407516270e+03,5.8335844136e+03,5.9229815856e+03,6.0016109210e+03,6.0806370922e+03,6.1542128841e+03,6.2282414115e+03,6.3058162398e+03,6.3786142608e+03,6.4487368173e+03,6.5158650237e+03,6.5828577548e+03,6.6434725495e+03,6.7041120343e+03,6.7674012281e+03,6.8323601801e+03,6.8946631999e+03,6.9521298397e+03,7.0152627765e+03,7.0784967771e+03,7.1354068309e+03,7.1934546679e+03,7.2524498137e+03,7.3101880996e+03,7.3638431221e+03,7.4206415376e+03,7.4823312154e+03,7.5459682946e+03,7.6102410319e+03,7.6748955755e+03,7.7378536628e+03,7.7960102197e+03,7.8571542284e+03,7.9222023640e+03,7.9922681651e+03,8.0617813256e+03,8.1314925414e+03,8.2014150193e+03,8.2708714892e+03,8.3338961331e+03,8.3967084972e+03,8.4641317484e+03,8.5374219331e+03,8.6108317032e+03,8.6779839876e+03,8.7474735857e+03,8.8190974034e+03,8.8924912270e+03,8.9696490495e+03,9.0474123947e+03,9.1165147272e+03,9.1905700386e+03,9.2655435777e+03,9.3482665062e+03,9.4247739113e+03,9.4968534827e+03,9.5699137001e+03,9.6530702674e+03,9.7314830914e+03,9.8111980456e+03,9.8895052021e+03,9.9672235429e+03,1.0051393972e+04,1.0131647602e+04,1.0212098333e+04,1.0298462038e+04,1.0384807504e+04,1.0464959563e+04,1.0544080529e+04,1.0622910710e+04,1.0701056398e+04,1.0782496847e+04,1.0863275694e+04,1.0944394795e+04,1.1028419640e+04,1.1114867662e+04,1.1192932391e+04,1.1273617217e+04,1.1361230887e+04,1.1445666348e+04,1.1534941575e+04,1.1627824086e+04,1.1720785852e+04,1.1819715469e+04,1.1911360439e+04,1.2002807115e+04,1.2097109182e+04,1.2187811548e+04,1.2276477221e+04,1.2359736032e+04
-0.4847457627,5.0743721708e+03,8.8162210037e+01,2.1761909453e+02,3.6187705776e+02,4.9007413938e+02,5.9489517843e+02,6.8819077361e+02,7.6863535669e+02,8.4013684824e+02,9.0927694956e+02,9.7278372970e+02,1.0333177835e+03,1.0903937153e+03,1.1437305371e+03,1.1931939723e+03,1.2451461816e+03,1.2961376741e+03,1.3394451908e+03,1.3808729433e+03,1.4259562031e+03,1.4726036571e+03,1.5158967064e+03,1.5588961017e+03,1.6013331918e+03,1.6403866047e+03,1.6818859096e+03,1.7260914501e+03,1.7675447964e+03,1.8069369445e+03,1.8443303846e+03,1.8803344838e+03,1.9100610463e+03,1.9379588640e+03,1.9669396141e+03,1.9948391511e+03,2.0204414611e+03,2.0439342991e+03,2.0662059749e+03,2.0891163241e+03,2.1112109987e+03,2.1337711013e+03,2.1551454556e+03,2.1751861992e+03,2.1946508201e+03,2.2138302496e+03,2.2314578812e+03,2.2508492114e+03,2.2698243518e+03,2.2902545539e+03,2.3108726499e+03,2.3317687118e+03,2.3532286973e+03,2.3744932738e+03,2.3964729683e+03,2.4208489829e+03,2.4444691106e+03,2.4677201178e+03,2.4921615830e+03,2.5149209885e+03,2.5378458421e+03,2.5605941841e+03,2.5813808983e+03,2.6033146168e+03,2.6260724183e+03,2.6484034178e+03,2.6689714421e+03,2.6861350669e+03,2.7032399057e+03,2.7187206731e+03,2.7330843003e+03,2.7473149494e+03,2.7612428369e+03,2.7743795534e+03,2.7861636123e+03,2.7975688308e+03,2.8091386117e+03,2.8193994073e+03,2.8290460731e+03,2.8383909169e+03,2.8472805657e+03,2.8552355454e+03,2.8631730505e+03,2.8704894888e+03,2.8774650550e+03,2.8843655325e+03,2.8919567285e+03,2.8998311681e+03,2.9067885045e+03,2.9144486492e+03,2.9224041304e+03,2.9304681849e+03,2.9385491560e+03,2.9474348527e+03,2.9559002199e+03,2.9640915666e+03,2.9714019407e+03,2.9789281236e+03,2.9869858438e+03,2.9948327659e+03,3.0033551987e+03,3.0118762767e+03,3.0210634865e+03,3.0300789075e+03,3.0386255569e+03,3.0479233864e+03,3.0574089937e+03,3.0671286828e+03,3.0773399815e+03,3.0870469647e+03,3.0974185795e+03,3.1082482019e+03,3.1203076841e+03,3.1330883327e+03,3.1450392757e+03,3.1575208944e+03,3.1693842171e+03,3.1821921339e+03,3.1961077622e+03,3.2111419619e+03,3.2261447831e+03,3.2393542493e+03,3.2533555801e+03,3.2696101136e+03,3.2858897945e+03,3.3033024436e+03,3.3202210691e+03,3.3385861339e+03,3.3581077520e+03,3.3775513961e+03,3.3950705914e+03,3.4120406522e+03,3.4309998395e+03,3.4498627061e+03,3.4708527379e+03,3.4925046334e+03,3.5132819922e+03,3.5351024340e+03,3.5591697352e+03,3.5809073454e+03,3.6014893585e+03,3.6261228365e+03,3.6508963579e+03,3.6763813146e+03,3.7030197963e+03,3.7310059901e+03,3.7601187816e+03,3.7874426535e+03,3.8145431748e+03,3.8419850424e+03,3.8685274560e+03,3.8950851393e+03,3.9226803861e+03,3.9502952539e+03,3.9775704332e+03,4.0063072308e+03,4.0336468747e+03,4.0596542075e+03,4.0839898860e+03,4.1078040821e+03,4.1307506044e+03,4.1538928399e+03,4.1772589670e+03,4.1981231755e+03,4.2161195601e+03,4.2344613126e+03,4.2516417999e+03,4.2684068384e+03,4.2849185614e+03,4.2996261188e+03,4.3137273881e+03,4.3270399534e+03,4.3397446825e+03,4.3516162533e+03,4.3631612651e+03,4.3741687407e+03,4.3850760675e+03,4.3956005316e+03,4.4058700351e+03,4.4168286328e+03,4.4272608697e+03,4.4364474805e+03,4.4458291462e+03,4.4549836993e+03,4.4636959056e+03,4.4717448831e+03,4.4795123205e+03,4.4879343386e+03,4.4966986821e+03,4.5050812375e+03,4.5129193673e+03,4.5203894864e+03,4.5278151436e+03,4.5358686159e+03,4.5438052684e+03,4.5518315572e+03,4.5593146708e+03,4.5666838694e+03,4.5740135954e+03,4.5807877969e+03,4.5872499566e+03,4.5935120409e+03,4.6003889632e+03,4.6073690609e+03,4.6142989155e+03,4.6208273745e+03,4.6279658348e+03,4.6344909743e+03,4.6404131327e+03,4.6469918975e+03,4.6539276992e+03,4.6601828050e+03,4.6663756638e+03,4.6723717821e+03,4.6788513549e+03,4.6848556454e+03,4.6906411228e+03,4.6963384913e+03,4.7022732218e+03,4.7075679107e+03,4.7129939321e+03,4.7187559899e+03,4.7244797216e+03,4.7304610288e+03,4.7358093633e+03,4.7407340549e+03,4.7459275283e+03,4.7510273480e+03,4.7558188293e+03,4.7603763630e+03,4.7648743034e+03,4.7692240120e+03,4.7735846509e+03,4.7781358346e+03,4.7826007576e+03,4.7868117120e+03,4.7911841399e+03,4.7953538622e+03,4.7996548647e+03,4.8040104434e+03,4.8082115856e+03,4.8125125099e+03,4.8168724766e+03,4.8214747543e+03,4.8261692149e+03,4.8306768572e+03,4.8351581157e+03,4.8397797127e+03,4.8441200569e+03,4.8483007710e+03,4.8523734563e+03
-0.4762711864,3.7703587214e+03,9.1849327067e+01,2.2653235313e+02,3.7682866011e+02,5.1037998381e+02,6.1996693320e+02,7.1825330689e+02,8.0335038041e+02,8.7941650467e+02,9.5313164409e+02,1.0207008626e+03,1.0851588644e+03,1.1463428429e+03,1.2034970072e+03,1.2567749513e+03,1.3123957482e+03,1.3673805058e+03,1.4145527758e+03,1.4599073095e+03,1.5094911620e+03,1.5611974664e+03,1.6093688300e+03,1.6576699754e+03,1.7053976522e+03,1.7494460617e+03,1.7961452800e+03,1.8456124541e+03,1.8921369262e+03,1.9364485669e+03,1.9781589572e+03,2.0183961499e+03,2.0521634385e+03,2.0835914898e+03,2.1161665826e+03,2.1473592065e+03,2.1756634916e+03,2.2017052865e+03,2.2263711185e+03,2.2518395824e+03,2.2764146797e+03,2.3013938461e+03,2.3246767411e+03,2.3465617579e+03,2.3679244396e+03,2.3887206579e+03,2.4082086273e+03,2.4291326581e+03,2.4490806019e+03,2.4706817484e+03,2.4927311895e+03,2.5150612884e+03,2.5377308373e+03,2.5601579384e+03,2.5833517020e+03,2.6093261162e+03,2.6342860350e+03,2.6591563372e+03,2.6853568968e+03,2.7095491830e+03,2.7326911459e+03,2.7560183787e+03,2.7778390794e+03,2.8010828713e+03,2.8246918263e+03,2.8476399668e+03,2.8689814223e+03,2.8862699844e+03,2.9037236307e+03,2.9199134451e+03,2.9345600829e+03,2.9489533994e+03,2.9628889246e+03,2.9754152583e+03,2.9866920131e+03,2.9977752498e+03,3.0089742937e+03,3.0187208861e+03,3.0279236044e+03,3.0367606845e+03,3.0449760617e+03,3.0523934123e+03,3.0597721190e+03,3.0663287357e+03,3.0726197113e+03,3.0788268546e+03,3.0856488404e+03,3.0924905166e+03,3.0986028365e+03,3.1051648510e+03,3.1118390122e+03,3.1186016078e+03,3.1252518166e+03,3.1325519696e+03,3.1393097192e+03,3.1455226299e+03,3.1510099742e+03,3.1569007284e+03,3.1628536303e+03,3.1687167096e+03,3.1748776338e+03,3.1808976483e+03,3.1873281957e+03,3.1934142139e+03,3.1992328305e+03,3.2051932203e+03,3.2110981530e+03,3.2171027537e+03,3.2232803447e+03,3.2296089336e+03,3.2363785831e+03,3.2429174238e+03,3.2494557313e+03,3.2564874266e+03,3.2630358914e+03,3.2697942602e+03,3.2761374779e+03,3.2827823220e+03,3.2899995447e+03,3.2976448501e+03,3.3053323848e+03,3.3127494516e+03,3.3200539233e+03,3.3278142436e+03,3.3354827244e+03,3.3434512021e+03,3.3505821375e+03,3.3583675316e+03,3.3668268248e+03,3.3754347100e+03,3.3835630223e+03,3.3909097867e+03,3.3990319782e+03,3.4070710700e+03,3.4139820435e+03,3.4206583873e+03,3.4277491007e+03,3.4354476806e+03,3.4436605075e+03,3.4508763469e+03,3.4574756758e+03,3.4655843572e+03,3.4735353912e+03,3.4815727786e+03,3.4897525621e+03,3.4981614524e+03,3.5062391924e+03,3.5140935540e+03,3.5220536518e+03,3.5301650092e+03,3.5380087727e+03,3.5452235894e+03,3.5525602885e+03,3.5602238627e+03,3.5679706500e+03,3.5755366971e+03,3.5825769335e+03,3.5894244250e+03,3.5960957098e+03,3.6024356190e+03,3.6080932949e+03,3.6139263939e+03,3.6198039311e+03,3.6250828174e+03,3.6297027178e+03,3.6341291834e+03,3.6381604662e+03,3.6421118538e+03,3.6458893499e+03,3.6492421791e+03,3.6525184646e+03,3.6555684561e+03,3.6583318588e+03,3.6609310895e+03,3.6634148274e+03,3.6658715117e+03,3.6682407308e+03,3.6705136685e+03,3.6726101965e+03,3.6747679480e+03,3.6768314917e+03,3.6786841672e+03,3.6805905205e+03,3.6823574302e+03,3.6838676518e+03,3.6853714845e+03,3.6869733825e+03,3.6885397292e+03,3.6900183764e+03,3.6914262620e+03,3.6928372952e+03,3.6942303779e+03,3.6956181295e+03,3.6970049270e+03,3.6983483226e+03,3.6995774523e+03,3.7006540593e+03,3.7018292731e+03,3.7030648441e+03,3.7042039082e+03,3.7052932043e+03,3.7062935041e+03,3.7073472884e+03,3.7083362792e+03,3.7093571857e+03,3.7103200640e+03,3.7113308277e+03,3.7122519134e+03,3.7131274424e+03,3.7140992139e+03,3.7150545994e+03,3.7159220934e+03,3.7168165093e+03,3.7177282556e+03,3.7186363201e+03,3.7194509410e+03,3.7202442892e+03,3.7210125352e+03,3.7218388901e+03,3.7226187676e+03,3.7233948871e+03,3.7242135809e+03,3.7249881063e+03,3.7257266021e+03,3.7263887608e+03,3.7270075260e+03,3.7276673441e+03,3.7282724739e+03,3.7288817903e+03,3.7294751062e+03,3.7300181663e+03,3.7305108640e+03,3.7310108159e+03,3.7315490282e+03,3.7320599261e+03,3.7325291578e+03,3.7330229110e+03,3.7335032939e+03,3.7339681809e+03,3.7344476073e+03,3.7349145548e+03,3.7353963515e+03,3.7359153360e+03,3.7364345651e+03,3.7369203936e+03,3.7373664897e+03,3.7378124210e+03,3.7382850625e+03,3.7387232318e+03,3.7391481496e+03,3.7395676860e+03
-0.4677966102,3.5933340255e+03,9.5701322706e+01,2.3578002047e+02,3.9227238295e+02,5.3130520957e+02,6.4577481516e+02,7.4922135319e+02,8.3914773709e+02,9.2000636805e+02,9.9851808395e+02,1.0703142661e+03,1.1388704420e+03,1.2044226368e+03,1.2655865789e+03,1.3228755451e+03,1.3822885531e+03,1.4415339738e+03,1.4929278301e+03,1.5425640106e+03,1.5970326209e+03,1.6542716832e+03,1.7078295598e+03,1.7620522559e+03,1.8155920242e+03,1.8651054456e+03,1.9174417588e+03,1.9725357456e+03,2.0244617536e+03,2.0740045788e+03,2.1202567831e+03,2.1650780634e+03,2.2029902472e+03,2.2378180166e+03,2.2739667701e+03,2.3084463480e+03,2.3394178302e+03,2.3679939850e+03,2.3950570827e+03,2.4230649480e+03,2.4500995370e+03,2.4773877396e+03,2.5024886142e+03,2.5262345065e+03,2.5495158407e+03,2.5716788282e+03,2.5924548070e+03,2.6148806818e+03,2.6356368660e+03,2.6578323464e+03,2.6807549015e+03,2.7038283974e+03,2.7270684580e+03,2.7503064689e+03,2.7744918044e+03,2.8014978246e+03,2.8269951834e+03,2.8525714993e+03,2.8793721430e+03,2.9042512755e+03,2.9282207743e+03,2.9520937760e+03,2.9742091869e+03,2.9976165252e+03,3.0212298776e+03,3.0442070547e+03,3.0659799702e+03,3.0833963057e+03,3.1003104892e+03,3.1159977427e+03,3.1304885638e+03,3.1449849907e+03,3.1591995336e+03,3.1718704750e+03,3.1835334805e+03,3.1935495936e+03,3.2031132749e+03,3.2115281539e+03,3.2198232846e+03,3.2278670826e+03,3.2352752496e+03,3.2419677884e+03,3.2485202486e+03,3.2542508824e+03,3.2597574895e+03,3.2652126652e+03,3.2711555291e+03,3.2769462981e+03,3.2821774198e+03,3.2875995713e+03,3.2930625395e+03,3.2985984190e+03,3.3039064931e+03,3.3095699007e+03,3.3143055678e+03,3.3186434073e+03,3.3233259110e+03,3.3279572012e+03,3.3322665309e+03,3.3365416818e+03,3.3409021427e+03,3.3450812979e+03,3.3493053131e+03,3.3530546374e+03,3.3568594966e+03,3.3608163505e+03,3.3646486265e+03,3.3683456743e+03,3.3719575167e+03,3.3757558374e+03,3.3796661856e+03,3.3833116277e+03,3.3870379149e+03,3.3909340361e+03,3.3944258166e+03,3.3980114621e+03,3.4015090392e+03,3.4050156338e+03,3.4087421338e+03,3.4125488326e+03,3.4163320835e+03,3.4200445818e+03,3.4237458312e+03,3.4274711759e+03,3.4312455913e+03,3.4349389575e+03,3.4382822888e+03,3.4419622469e+03,3.4456311557e+03,3.4494318202e+03,3.4529148403e+03,3.4562366020e+03,3.4593830020e+03,3.4621284668e+03,3.4652383788e+03,3.4683686392e+03,3.4714022722e+03,3.4745425777e+03,3.4777004235e+03,3.4804806458e+03,3.4830680470e+03,3.4858924675e+03,3.4886612080e+03,3.4914917272e+03,3.4943015584e+03,3.4971509798e+03,3.5000248202e+03,3.5028567365e+03,3.5056606170e+03,3.5084395410e+03,3.5110533370e+03,3.5135759195e+03,3.5161313742e+03,3.5186809623e+03,3.5212334764e+03,3.5237339381e+03,3.5261757823e+03,3.5285609597e+03,3.5307978443e+03,3.5328679114e+03,3.5349515780e+03,3.5370330440e+03,3.5389742841e+03,3.5407045993e+03,3.5422770115e+03,3.5436905135e+03,3.5450775889e+03,3.5464417630e+03,3.5476772976e+03,3.5487771930e+03,3.5499006468e+03,3.5509226782e+03,3.5517966774e+03,3.5526100739e+03,3.5534248390e+03,3.5542473878e+03,3.5550110421e+03,3.5557318905e+03,3.5563859856e+03,3.5570081070e+03,3.5575853727e+03,3.5581253401e+03,3.5586887314e+03,3.5592074802e+03,3.5596341537e+03,3.5600678455e+03,3.5605249747e+03,3.5609479970e+03,3.5613386957e+03,3.5617441381e+03,3.5621604488e+03,3.5625528540e+03,3.5629202066e+03,3.5632698597e+03,3.5636120676e+03,3.5639072978e+03,3.5641905809e+03,3.5644750315e+03,3.5647671621e+03,3.5650284498e+03,3.5652849243e+03,3.5655392383e+03,3.5657875991e+03,3.5660013501e+03,3.5662171444e+03,3.5664261402e+03,3.5666523788e+03,3.5668574478e+03,3.5670623354e+03,3.5672781732e+03,3.5674728082e+03,3.5676595814e+03,3.5678471104e+03,3.5680298586e+03,3.5682031321e+03,3.5683524516e+03,3.5685094794e+03,3.5686594944e+03,3.5688191852e+03,3.5689745061e+03,3.5691200853e+03,3.5692546269e+03,3.5693816529e+03,3.5695142309e+03,3.5696413687e+03,3.5697564599e+03,3.5698699018e+03,3.5699720648e+03,3.5700753380e+03,3.5701704110e+03,3.5702576623e+03,3.5703376546e+03,3.5704130058e+03,3.5704886745e+03,3.5705628772e+03,3.5706334197e+03,3.5707030497e+03,3.5707697594e+03,3.5708317793e+03,3.5708937152e+03,3.5709505659e+03,3.5710093605e+03,3.5710703039e+03,3.5711308111e+03,3.5711871930e+03,3.5712464748e+03,3.5713036508e+03,3.5713572171e+03,3.5714064656e+03,3.5714530556e+03,3.5714999682e+03
-0.4593220339,3.6459800511e+03,9.9724913422e+01,2.4536517729e+02,4.0819479201e+02,5.5281547516e+02,6.7225961296e+02,7.8100928993e+02,8.7591443472e+02,9.6177028950e+02,1.0452647085e+03,1.1214116997e+03,1.1942038030e+03,1.2643532966e+03,1.3296691893e+03,1.3911106321e+03,1.4543814571e+03,1.5181262187e+03,1.5740868526e+03,1.6283292398e+03,1.6880191573e+03,1.7512228999e+03,1.8106469220e+03,1.8713767677e+03,1.9311625520e+03,1.9865174665e+03,2.0448124519e+03,2.1057523960e+03,2.1632407448e+03,2.2181520969e+03,2.2689927502e+03,2.3184853187e+03,2.3604007858e+03,2.3983779056e+03,2.4379265877e+03,2.4755174420e+03,2.5089866780e+03,2.5399421822e+03,2.5692752013e+03,2.5996408852e+03,2.6289580613e+03,2.6582573971e+03,2.6848926416e+03,2.7102755037e+03,2.7354190760e+03,2.7587592356e+03,2.7799668982e+03,2.8037511767e+03,2.8254733960e+03,2.8478369615e+03,2.8711358464e+03,2.8941649894e+03,2.9173421073e+03,2.9407886040e+03,2.9653700437e+03,2.9926609103e+03,3.0180108985e+03,3.0437293213e+03,3.0704904639e+03,3.0954144200e+03,3.1196771330e+03,3.1435660051e+03,3.1655699036e+03,3.1882614250e+03,3.2110110865e+03,3.2333848941e+03,3.2549569647e+03,3.2721262598e+03,3.2880326356e+03,3.3026112100e+03,3.3164914257e+03,3.3303952403e+03,3.3438757141e+03,3.3557776269e+03,3.3665277187e+03,3.3756626657e+03,3.3846047988e+03,3.3925099399e+03,3.4001396183e+03,3.4073510923e+03,3.4139558797e+03,3.4199105975e+03,3.4256083159e+03,3.4306485930e+03,3.4353970461e+03,3.4401223707e+03,3.4451697549e+03,3.4499135210e+03,3.4543505817e+03,3.4589384930e+03,3.4635744135e+03,3.4682634178e+03,3.4725872412e+03,3.4769752180e+03,3.4804789891e+03,3.4840016134e+03,3.4877129009e+03,3.4911935514e+03,3.4943841484e+03,3.4975667280e+03,3.5007268022e+03,3.5037422538e+03,3.5065740461e+03,3.5091125497e+03,3.5117879669e+03,3.5144533686e+03,3.5170243129e+03,3.5194442698e+03,3.5216891104e+03,3.5240509453e+03,3.5264432551e+03,3.5287259568e+03,3.5310241363e+03,3.5333025116e+03,3.5353806464e+03,3.5375806202e+03,3.5396742867e+03,3.5416562463e+03,3.5437868630e+03,3.5459098641e+03,3.5480524120e+03,3.5501587215e+03,3.5521843547e+03,3.5541529854e+03,3.5562192770e+03,3.5581192822e+03,3.5599510016e+03,3.5618919247e+03,3.5638207939e+03,3.5658260234e+03,3.5676631194e+03,3.5693862137e+03,3.5710462995e+03,3.5726470715e+03,3.5741242920e+03,3.5754267448e+03,3.5767354487e+03,3.5782178065e+03,3.5796799323e+03,3.5810063476e+03,3.5823053802e+03,3.5835538861e+03,3.5847489643e+03,3.5859269281e+03,3.5871035416e+03,3.5883767204e+03,3.5896501134e+03,3.5908505439e+03,3.5920581784e+03,3.5932458295e+03,3.5943512801e+03,3.5954173045e+03,3.5964516572e+03,3.5975223625e+03,3.5986615597e+03,3.5997720369e+03,3.6008252337e+03,3.6018174612e+03,3.6027599099e+03,3.6036791848e+03,3.6046225339e+03,3.6055217059e+03,3.6063232377e+03,3.6070431773e+03,3.6077264552e+03,3.6083439307e+03,3.6089326943e+03,3.6095191194e+03,3.6100469973e+03,3.6105229872e+03,3.6110049845e+03,3.6114399282e+03,3.6118187941e+03,3.6121738873e+03,3.6125305666e+03,3.6128733509e+03,3.6131877331e+03,3.6134749543e+03,3.6137546483e+03,3.6140231904e+03,3.6142616507e+03,3.6144812738e+03,3.6146979445e+03,3.6149087184e+03,3.6150989016e+03,3.6152747025e+03,3.6154446149e+03,3.6156160382e+03,3.6157899297e+03,3.6159624889e+03,3.6161283388e+03,3.6162786214e+03,3.6164224879e+03,3.6165613411e+03,3.6166986632e+03,3.6168169809e+03,3.6169301222e+03,3.6170364541e+03,3.6171529492e+03,3.6172599437e+03,3.6173587515e+03,3.6174532313e+03,3.6175404444e+03,3.6176268056e+03,3.6177184352e+03,3.6178064660e+03,3.6178945177e+03,3.6179746538e+03,3.6180540008e+03,3.6181346872e+03,3.6182098313e+03,3.6182895681e+03,3.6183642541e+03,3.6184383011e+03,3.6185091280e+03,3.6185723891e+03,3.6186359677e+03,3.6186947910e+03,3.6187619056e+03,3.6188286031e+03,3.6188905721e+03,3.6189487676e+03,3.6190049147e+03,3.6190644874e+03,3.6191241561e+03,3.6191803165e+03,3.6192300132e+03,3.6192800776e+03,3.6193288089e+03,3.6193730439e+03,3.6194137935e+03,3.6194564338e+03,3.6194973305e+03,3.6195368990e+03,3.6195772913e+03,3.6196146767e+03,3.6196483533e+03,3.6196827267e+03,3.6197149233e+03,3.6197477352e+03,3.6197793728e+03,3.6198114903e+03,3.6198448763e+03,3.6198792513e+03,3.6199128229e+03,3.6199499367e+03,3.6199837855e+03,3.6200156044e+03,3.6200461804e+03,3.6200752573e+03,3.6201071284e+03
-0.4508474576,3.7545989072e+03,1.0392693712e+02,2.5528931469e+02,4.2457668970e+02,5.7486538329e+02,6.9934446922e+02,8.1350504939e+02,9.1350100539e+02,1.0045237807e+03,1.0931356353e+03,1.1737014069e+03,1.2508157525e+03,1.3257405443e+03,1.3952780099e+03,1.4609351548e+03,1.5280541934e+03,1.5964887190e+03,1.6573268158e+03,1.7164390537e+03,1.7816033225e+03,1.8511206253e+03,1.9168184244e+03,1.9845450281e+03,2.0508514762e+03,2.1122613699e+03,2.1766451120e+03,2.2434215392e+03,2.3063717377e+03,2.3665219098e+03,2.4217373227e+03,2.4756598021e+03,2.5211662923e+03,2.5618620765e+03,2.6044195128e+03,2.6447274838e+03,2.6803545435e+03,2.7133499481e+03,2.7446482635e+03,2.7769751982e+03,2.8081831212e+03,2.8389341984e+03,2.8665189489e+03,2.8928759030e+03,2.9192056759e+03,2.9434516502e+03,2.9648943730e+03,2.9887980784e+03,3.0109298819e+03,3.0334690677e+03,3.0572570046e+03,3.0802335195e+03,3.1032750460e+03,3.1264464452e+03,3.1502488419e+03,3.1767084728e+03,3.2011952372e+03,3.2264820763e+03,3.2525643050e+03,3.2768247446e+03,3.3005994971e+03,3.3238700030e+03,3.3453149617e+03,3.3665121068e+03,3.3877872962e+03,3.4090356236e+03,3.4296400951e+03,3.4459020849e+03,3.4604994361e+03,3.4737363678e+03,3.4867177305e+03,3.4995810653e+03,3.5118846610e+03,3.5226190307e+03,3.5319911306e+03,3.5402466676e+03,3.5487030055e+03,3.5560944551e+03,3.5629877279e+03,3.5693297256e+03,3.5751788730e+03,3.5804201775e+03,3.5852952140e+03,3.5896591619e+03,3.5937421682e+03,3.5978798843e+03,3.6022415889e+03,3.6063422588e+03,3.6101568996e+03,3.6139855358e+03,3.6179216524e+03,3.6218611515e+03,3.6254063682e+03,3.6289523526e+03,3.6318758633e+03,3.6345893879e+03,3.6373796560e+03,3.6400486127e+03,3.6424955764e+03,3.6449208032e+03,3.6472892055e+03,3.6495544689e+03,3.6516029944e+03,3.6535642155e+03,3.6554587182e+03,3.6573053030e+03,3.6591184411e+03,3.6608323884e+03,3.6624472031e+03,3.6640818810e+03,3.6656577415e+03,3.6671765489e+03,3.6687468264e+03,3.6702972732e+03,3.6717628158e+03,3.6732263342e+03,3.6745426661e+03,3.6758273357e+03,3.6772024360e+03,3.6785390408e+03,3.6799209869e+03,3.6812700715e+03,3.6825111150e+03,3.6836521315e+03,3.6849016582e+03,3.6861015324e+03,3.6872595987e+03,3.6883937434e+03,3.6895551869e+03,3.6907402006e+03,3.6918591399e+03,3.6929061296e+03,3.6938017414e+03,3.6946343735e+03,3.6954709601e+03,3.6963383839e+03,3.6971860631e+03,3.6980617097e+03,3.6988899220e+03,3.6996599136e+03,3.7004396104e+03,3.7011350061e+03,3.7018014094e+03,3.7024830450e+03,3.7031660609e+03,3.7038365171e+03,3.7044702609e+03,3.7050701009e+03,3.7056508478e+03,3.7062174407e+03,3.7067441365e+03,3.7073094391e+03,3.7078789905e+03,3.7084681441e+03,3.7090617018e+03,3.7095955767e+03,3.7101553584e+03,3.7106969976e+03,3.7112132197e+03,3.7117390503e+03,3.7122631867e+03,3.7127256657e+03,3.7131863386e+03,3.7136306606e+03,3.7140356763e+03,3.7143749142e+03,3.7146845993e+03,3.7150125678e+03,3.7153241840e+03,3.7156115192e+03,3.7158849965e+03,3.7161406254e+03,3.7163821237e+03,3.7165856102e+03,3.7167911638e+03,3.7169989506e+03,3.7171911165e+03,3.7173591617e+03,3.7175112920e+03,3.7176646873e+03,3.7178104816e+03,3.7179540950e+03,3.7180858516e+03,3.7182139843e+03,3.7183278100e+03,3.7184349292e+03,3.7185512319e+03,3.7186681872e+03,3.7187778117e+03,3.7188913192e+03,3.7190019026e+03,3.7191049989e+03,3.7192038325e+03,3.7192980556e+03,3.7193891442e+03,3.7194734151e+03,3.7195605285e+03,3.7196401164e+03,3.7197223108e+03,3.7197988705e+03,3.7198685379e+03,3.7199396216e+03,3.7200065571e+03,3.7200756089e+03,3.7201459180e+03,3.7202135726e+03,3.7202805347e+03,3.7203437218e+03,3.7204048228e+03,3.7204647977e+03,3.7205251727e+03,3.7205894218e+03,3.7206496056e+03,3.7207064001e+03,3.7207658789e+03,3.7208263896e+03,3.7208852304e+03,3.7209420509e+03,3.7210042682e+03,3.7210607582e+03,3.7211132945e+03,3.7211681541e+03,3.7212272642e+03,3.7212860027e+03,3.7213417303e+03,3.7213931952e+03,3.7214399510e+03,3.7214874967e+03,3.7215329580e+03,3.7215749239e+03,3.7216111422e+03,3.7216488423e+03,3.7216853117e+03,3.7217236171e+03,3.7217621622e+03,3.7217970386e+03,3.7218294909e+03,3.7218632856e+03,3.7218947285e+03,3.7219249852e+03,3.7219554747e+03,3.7219855741e+03,3.7220172611e+03,3.7220502608e+03,3.7220827840e+03,3.7221179351e+03,3.7221483803e+03,3.7221760296e+03,3.7222043256e+03,3.7222331254e+03,3.7222640614e+03
-0.4423728814,3.8661833036e+03,1.0831433077e+02,2.6555207851e+02,4.4139236478e+02,5.9739705741e+02,7.2693261272e+02,8.4656651947e+02,9.5171629420e+02,1.0480264041e+03,1.1418202288e+03,1.2267995760e+03,1.3082536418e+03,1.3880560058e+03,1.4617866312e+03,1.5316187297e+03,1.6024834141e+03,1.6757253684e+03,1.7416862638e+03,1.8058321136e+03,1.8765966566e+03,1.9526407358e+03,2.0248891590e+03,2.0999217822e+03,2.1727760996e+03,2.2402068082e+03,2.3105269365e+03,2.3828067890e+03,2.4507581224e+03,2.5156565815e+03,2.5746992501e+03,2.6324183325e+03,2.6807948033e+03,2.7235591284e+03,2.7684697056e+03,2.8108444844e+03,2.8480883938e+03,2.8825634931e+03,2.9153042933e+03,2.9489451133e+03,2.9813936130e+03,3.0127527394e+03,3.0404229754e+03,3.0667109109e+03,3.0929380244e+03,3.1175036155e+03,3.1398142277e+03,3.1620083531e+03,3.1823870123e+03,3.2040441631e+03,3.2271915203e+03,3.2494916977e+03,3.2718905547e+03,3.2949533446e+03,3.3191951911e+03,3.3449772059e+03,3.3684244684e+03,3.3928819695e+03,3.4176540736e+03,3.4405725560e+03,3.4631825649e+03,3.4851899376e+03,3.5054569897e+03,3.5245002552e+03,3.5438877787e+03,3.5634847463e+03,3.5823363088e+03,3.5970355358e+03,3.6100225152e+03,3.6217447815e+03,3.6335384112e+03,3.6450556002e+03,3.6560313695e+03,3.6658635846e+03,3.6749539753e+03,3.6828784303e+03,3.6897400427e+03,3.6958295101e+03,3.7015407047e+03,3.7065957244e+03,3.7114000525e+03,3.7158529749e+03,3.7199788913e+03,3.7237099515e+03,3.7272271754e+03,3.7307853118e+03,3.7345323375e+03,3.7381852676e+03,3.7416437899e+03,3.7448700709e+03,3.7480602081e+03,3.7511756071e+03,3.7539268567e+03,3.7565493946e+03,3.7588576470e+03,3.7611443862e+03,3.7633965293e+03,3.7655387575e+03,3.7675035659e+03,3.7693983568e+03,3.7712077987e+03,3.7729033303e+03,3.7744007907e+03,3.7759063434e+03,3.7773356890e+03,3.7787669533e+03,3.7801483157e+03,3.7814169555e+03,3.7825190803e+03,3.7837239220e+03,3.7849257570e+03,3.7860201162e+03,3.7870924745e+03,3.7882017560e+03,3.7892835562e+03,3.7903079788e+03,3.7912320984e+03,3.7921198576e+03,3.7930519409e+03,3.7939640770e+03,3.7949235915e+03,3.7958579945e+03,3.7967374487e+03,3.7975088366e+03,3.7982991473e+03,3.7991129086e+03,3.7999196165e+03,3.8006714616e+03,3.8014245301e+03,3.8021738385e+03,3.8029226425e+03,3.8036215700e+03,3.8042137079e+03,3.8048082605e+03,3.8053558168e+03,3.8059326931e+03,3.8064968998e+03,3.8070785739e+03,3.8076195451e+03,3.8081405147e+03,3.8086289203e+03,3.8090639471e+03,3.8095289526e+03,3.8099409185e+03,3.8103635507e+03,3.8107719828e+03,3.8111422430e+03,3.8115188154e+03,3.8119219063e+03,3.8122856491e+03,3.8126541580e+03,3.8130351888e+03,3.8134131256e+03,3.8138037118e+03,3.8141884101e+03,3.8145402968e+03,3.8148806717e+03,3.8152085038e+03,3.8155343600e+03,3.8158749489e+03,3.8162071424e+03,3.8165016440e+03,3.8167888448e+03,3.8170558301e+03,3.8173162773e+03,3.8175590559e+03,3.8177900843e+03,3.8179913504e+03,3.8181752138e+03,3.8183522895e+03,3.8185206263e+03,3.8186888706e+03,3.8188578337e+03,3.8190057721e+03,3.8191442178e+03,3.8192723330e+03,3.8193922208e+03,3.8195017386e+03,3.8196071109e+03,3.8197122360e+03,3.8198047897e+03,3.8198940891e+03,3.8199877642e+03,3.8200773277e+03,3.8201602093e+03,3.8202433075e+03,3.8203280954e+03,3.8204114261e+03,3.8204860185e+03,3.8205602195e+03,3.8206361698e+03,3.8207120643e+03,3.8207831553e+03,3.8208511024e+03,3.8209146537e+03,3.8209743844e+03,3.8210388146e+03,3.8211026563e+03,3.8211639578e+03,3.8212210029e+03,3.8212725057e+03,3.8213229233e+03,3.8213738216e+03,3.8214288948e+03,3.8214812147e+03,3.8215295428e+03,3.8215778294e+03,3.8216240651e+03,3.8216696696e+03,3.8217140815e+03,3.8217572779e+03,3.8218038823e+03,3.8218488801e+03,3.8218927896e+03,3.8219384853e+03,3.8219810073e+03,3.8220231868e+03,3.8220681902e+03,3.8221134259e+03,3.8221553301e+03,3.8221978737e+03,3.8222396511e+03,3.8222842226e+03,3.8223274299e+03,3.8223682947e+03,3.8224059073e+03,3.8224430219e+03,3.8224811819e+03,3.8225169168e+03,3.8225497712e+03,3.8225820135e+03,3.8226132010e+03,3.8226413337e+03,3.8226700892e+03,3.8226988418e+03,3.8227265964e+03,3.8227531918e+03,3.8227814649e+03,3.8228095131e+03,3.8228362017e+03,3.8228628107e+03,3.8228873821e+03,3.8229123491e+03,3.8229398500e+03,3.8229674037e+03,3.8229961901e+03,3.8230238503e+03,3.8230507943e+03,3.8230784344e+03,3.8231071328e+03,3.8231372621e+03
-0.4338983051,3.9609842973e+03,1.1289410375e+02,2.7615099329e+02,4.5860881551e+02,6.2033869086e+02,7.5490509534e+02,8.8001798043e+02,9.9032234031e+02,1.0919742297e+03,1.1909230079e+03,1.2802186289e+03,1.3659415765e+03,1.4506189969e+03,1.5283889147e+03,1.6022245460e+03,1.6766222861e+03,1.7546869753e+03,1.8259111949e+03,1.8951079471e+03,1.9714217877e+03,2.0540063667e+03,2.1328767766e+03,2.2152380750e+03,2.2943215763e+03,2.3673976254e+03,2.4431215882e+03,2.5201531319e+03,2.5921966135e+03,2.6609151096e+03,2.7228509190e+03,2.7832980604e+03,2.8334977954e+03,2.8774487898e+03,2.9237708760e+03,2.9672929782e+03,3.0053964392e+03,3.0405572824e+03,3.0739818011e+03,3.1080402531e+03,3.1408193464e+03,3.1717218166e+03,3.1985208741e+03,3.2238441552e+03,3.2493758811e+03,3.2738534751e+03,3.2961721984e+03,3.3165305856e+03,3.3352715789e+03,3.3561545112e+03,3.3785989352e+03,3.3997334547e+03,3.4210279191e+03,3.4429550324e+03,3.4659948419e+03,3.4898997288e+03,3.5116517971e+03,3.5345479268e+03,3.5572695674e+03,3.5781792898e+03,3.5989087417e+03,3.6189834384e+03,3.6374682752e+03,3.6538694718e+03,3.6709636983e+03,3.6883572477e+03,3.7047889853e+03,3.7174147857e+03,3.7285632727e+03,3.7386138931e+03,3.7488759275e+03,3.7587269597e+03,3.7679751902e+03,3.7762347073e+03,3.7836069516e+03,3.7896916485e+03,3.7953766876e+03,3.8008320915e+03,3.8058921545e+03,3.8102766875e+03,3.8143791121e+03,3.8181280906e+03,3.8215900978e+03,3.8247215736e+03,3.8276195181e+03,3.8305776726e+03,3.8336300804e+03,3.8366232371e+03,3.8394132118e+03,3.8420526224e+03,3.8446757904e+03,3.8470945331e+03,3.8491103976e+03,3.8511395316e+03,3.8531825718e+03,3.8551275303e+03,3.8569611593e+03,3.8586521117e+03,3.8601509822e+03,3.8615658992e+03,3.8629407997e+03,3.8642646497e+03,3.8654336073e+03,3.8665991526e+03,3.8676591285e+03,3.8687612853e+03,3.8697973849e+03,3.8707695850e+03,3.8716411437e+03,3.8725425751e+03,3.8733765424e+03,3.8741793347e+03,3.8750236699e+03,3.8758924822e+03,3.8767251146e+03,3.8774357213e+03,3.8780826651e+03,3.8787414790e+03,3.8794119604e+03,3.8800676413e+03,3.8807441972e+03,3.8813681356e+03,3.8819599905e+03,3.8825180335e+03,3.8831050957e+03,3.8836774576e+03,3.8842313670e+03,3.8847904811e+03,3.8853546200e+03,3.8858778950e+03,3.8863955264e+03,3.8868541955e+03,3.8872950353e+03,3.8877251839e+03,3.8881428897e+03,3.8885987064e+03,3.8890165856e+03,3.8894293957e+03,3.8898183395e+03,3.8901836117e+03,3.8905147550e+03,3.8908407974e+03,3.8911712032e+03,3.8914506476e+03,3.8917396379e+03,3.8920032917e+03,3.8922487398e+03,3.8925168612e+03,3.8927947444e+03,3.8930470803e+03,3.8932928672e+03,3.8935483882e+03,3.8937956434e+03,3.8940505705e+03,3.8942985811e+03,3.8945378051e+03,3.8947704910e+03,3.8949898218e+03,3.8951970939e+03,3.8953924713e+03,3.8955790401e+03,3.8957580680e+03,3.8959396306e+03,3.8961057147e+03,3.8962700165e+03,3.8964165300e+03,3.8965511625e+03,3.8966804414e+03,3.8968042932e+03,3.8969217383e+03,3.8970307461e+03,3.8971377586e+03,3.8972415019e+03,3.8973348910e+03,3.8974205255e+03,3.8974980067e+03,3.8975744914e+03,3.8976451646e+03,3.8977102200e+03,3.8977706417e+03,3.8978295146e+03,3.8978861395e+03,3.8979447959e+03,3.8979981197e+03,3.8980525085e+03,3.8981064903e+03,3.8981585321e+03,3.8982110193e+03,3.8982603030e+03,3.8983084230e+03,3.8983613731e+03,3.8984136961e+03,3.8984588611e+03,3.8985014995e+03,3.8985426208e+03,3.8985842040e+03,3.8986292040e+03,3.8986723813e+03,3.8987133102e+03,3.8987521227e+03,3.8987873934e+03,3.8988242736e+03,3.8988613365e+03,3.8988997261e+03,3.8989359167e+03,3.8989708648e+03,3.8990044754e+03,3.8990363246e+03,3.8990703809e+03,3.8991041575e+03,3.8991360269e+03,3.8991688365e+03,3.8992029346e+03,3.8992369834e+03,3.8992701226e+03,3.8993007353e+03,3.8993303214e+03,3.8993617790e+03,3.8993940808e+03,3.8994268957e+03,3.8994592782e+03,3.8994911035e+03,3.8995244480e+03,3.8995569172e+03,3.8995892596e+03,3.8996216158e+03,3.8996524845e+03,3.8996814710e+03,3.8997100344e+03,3.8997373305e+03,3.8997646938e+03,3.8997916991e+03,3.8998203362e+03,3.8998482762e+03,3.8998768141e+03,3.8999049057e+03,3.8999310218e+03,3.8999579963e+03,3.8999849380e+03,3.9000097735e+03,3.9000361803e+03,3.9000619417e+03,3.9000907593e+03,3.9001215517e+03,3.9001522333e+03,3.9001818376e+03,3.9002114120e+03,3.9002412532e+03,3.9002726231e+03,3.9003064887e+03,3.9003400683e+03
-0.4254237288,4.0338809053e+03,1.1767330644e+02,2.8708116694e+02,4.7618496252e+02,6.4360311392e+02,7.8311863488e+02,9.1364677537e+02,1.0290296893e+03,1.1359929049e+03,1.2399548343e+03,1.3333576715e+03,1.4231695326e+03,1.5125821766e+03,1.5940848933e+03,1.6715968211e+03,1.7491902534e+03,1.8319564465e+03,1.9084320769e+03,1.9824989202e+03,2.0640816356e+03,2.1529485438e+03,2.2382187902e+03,2.3275235477e+03,2.4120759743e+03,2.4899909515e+03,2.5701181731e+03,2.6506573913e+03,2.7253856959e+03,2.7965229632e+03,2.8600181968e+03,2.9216944706e+03,2.9723738444e+03,3.0164207182e+03,3.0629458051e+03,3.1064553135e+03,3.1444581306e+03,3.1793053647e+03,3.2124453255e+03,3.2458347056e+03,3.2778383164e+03,3.3071494648e+03,3.3322525327e+03,3.3560668710e+03,3.3805284331e+03,3.4039944791e+03,3.4250912631e+03,3.4435549565e+03,3.4604506939e+03,3.4799538248e+03,3.5009624649e+03,3.5202837176e+03,3.5399037217e+03,3.5600591898e+03,3.5812241412e+03,3.6026241280e+03,3.6222141511e+03,3.6428779558e+03,3.6629182370e+03,3.6813151529e+03,3.6995265334e+03,3.7170414634e+03,3.7332241559e+03,3.7467428840e+03,3.7611632833e+03,3.7758543491e+03,3.7894604978e+03,3.7997804173e+03,3.8089599010e+03,3.8171931884e+03,3.8256330171e+03,3.8336463430e+03,3.8410463162e+03,3.8476348061e+03,3.8534563165e+03,3.8583619756e+03,3.8629786325e+03,3.8673941301e+03,3.8713746861e+03,3.8747891972e+03,3.8781057866e+03,3.8812116675e+03,3.8841122725e+03,3.8866208181e+03,3.8889290682e+03,3.8913312074e+03,3.8937914607e+03,3.8962425011e+03,3.8985187901e+03,3.9005738826e+03,3.9024492680e+03,3.9041867180e+03,3.9058249637e+03,3.9074534758e+03,3.9090705372e+03,3.9105420998e+03,3.9119006465e+03,3.9131730368e+03,3.9143364716e+03,3.9153833537e+03,3.9163385114e+03,3.9172807542e+03,3.9181044464e+03,3.9189790715e+03,3.9198470683e+03,3.9207359303e+03,3.9214946172e+03,3.9221732891e+03,3.9228173689e+03,3.9235343777e+03,3.9242318977e+03,3.9248958304e+03,3.9255143596e+03,3.9260671397e+03,3.9266336948e+03,3.9271615005e+03,3.9276691226e+03,3.9281322386e+03,3.9285999220e+03,3.9290659095e+03,3.9295312130e+03,3.9299619464e+03,3.9303986424e+03,3.9308100142e+03,3.9312444137e+03,3.9316754457e+03,3.9320968862e+03,3.9325136711e+03,3.9329095798e+03,3.9332571413e+03,3.9336275922e+03,3.9339727206e+03,3.9342848835e+03,3.9345894055e+03,3.9348875006e+03,3.9352238958e+03,3.9355193347e+03,3.9358001441e+03,3.9360767441e+03,3.9363314644e+03,3.9365711723e+03,3.9368106927e+03,3.9370428136e+03,3.9372293421e+03,3.9374118071e+03,3.9375986073e+03,3.9377785142e+03,3.9379576056e+03,3.9381335300e+03,3.9383049321e+03,3.9384755580e+03,3.9386486478e+03,3.9388048968e+03,3.9389708424e+03,3.9391337448e+03,3.9392839194e+03,3.9394222773e+03,3.9395518178e+03,3.9396825333e+03,3.9398112482e+03,3.9399319050e+03,3.9400502618e+03,3.9401601238e+03,3.9402613862e+03,3.9403653632e+03,3.9404613509e+03,3.9405480534e+03,3.9406284625e+03,3.9407055323e+03,3.9407815694e+03,3.9408526567e+03,3.9409196729e+03,3.9409822734e+03,3.9410418925e+03,3.9410962506e+03,3.9411480406e+03,3.9411989319e+03,3.9412453195e+03,3.9412876735e+03,3.9413267868e+03,3.9413687294e+03,3.9414085418e+03,3.9414494678e+03,3.9414881954e+03,3.9415286068e+03,3.9415668716e+03,3.9416039621e+03,3.9416426979e+03,3.9416828040e+03,3.9417212558e+03,3.9417596976e+03,3.9417946465e+03,3.9418308486e+03,3.9418679457e+03,3.9419033412e+03,3.9419377103e+03,3.9419758251e+03,3.9420125981e+03,3.9420488124e+03,3.9420848532e+03,3.9421158710e+03,3.9421477956e+03,3.9421811690e+03,3.9422155221e+03,3.9422476580e+03,3.9422780542e+03,3.9423075368e+03,3.9423381800e+03,3.9423708614e+03,3.9424011898e+03,3.9424302592e+03,3.9424597246e+03,3.9424923145e+03,3.9425235415e+03,3.9425540903e+03,3.9425844428e+03,3.9426171657e+03,3.9426503437e+03,3.9426845400e+03,3.9427185347e+03,3.9427510641e+03,3.9427833881e+03,3.9428152631e+03,3.9428472178e+03,3.9428795905e+03,3.9429130328e+03,3.9429439266e+03,3.9429734796e+03,3.9430041212e+03,3.9430343001e+03,3.9430641457e+03,3.9430939577e+03,3.9431214080e+03,3.9431494081e+03,3.9431791540e+03,3.9432082621e+03,3.9432368646e+03,3.9432670608e+03,3.9432970651e+03,3.9433259434e+03,3.9433553519e+03,3.9433848702e+03,3.9434140588e+03,3.9434425202e+03,3.9434722143e+03,3.9435021449e+03,3.9435329487e+03,3.9435646515e+03,3.9435978795e+03,3.9436319273e+03,3.9436663117e+03
-0.4169491525,4.0922291896e+03,1.2265899354e+02,2.9833497812e+02,4.9407087263e+02,6.6708643830e+02,8.1140369520e+02,9.4720047597e+02,1.0674935873e+03,1.1796320831e+03,1.2883266398e+03,1.3854968313e+03,1.4790876090e+03,1.5729243299e+03,1.6576770095e+03,1.7383619695e+03,1.8186783821e+03,1.9058510733e+03,1.9873602181e+03,2.0658666111e+03,2.1521586279e+03,2.2467028961e+03,2.3377637068e+03,2.4330988187e+03,2.5218464086e+03,2.6032984696e+03,2.6863082497e+03,2.7685968740e+03,2.8441242149e+03,2.9158395764e+03,2.9792093736e+03,3.0402658032e+03,3.0898744014e+03,3.1327824951e+03,3.1781101591e+03,3.2202909574e+03,3.2570849780e+03,3.2904962790e+03,3.3222596598e+03,3.3538220051e+03,3.3838816729e+03,3.4105865580e+03,3.4333838646e+03,3.4552255972e+03,3.4779358219e+03,3.4993741707e+03,3.5184030532e+03,3.5347311323e+03,3.5495611660e+03,3.5672039949e+03,3.5861495875e+03,3.6032353007e+03,3.6207345683e+03,3.6386056037e+03,3.6573314340e+03,3.6757644634e+03,3.6928116345e+03,3.7106851479e+03,3.7276471830e+03,3.7432002948e+03,3.7583627072e+03,3.7728531208e+03,3.7863734895e+03,3.7970913966e+03,3.8085475222e+03,3.8201161158e+03,3.8307211072e+03,3.8388783419e+03,3.8461818971e+03,3.8524941139e+03,3.8589311364e+03,3.8649802134e+03,3.8704817302e+03,3.8753720425e+03,3.8796927099e+03,3.8835624176e+03,3.8873388352e+03,3.8907613427e+03,3.8938038105e+03,3.8964862905e+03,3.8990917635e+03,3.9015311185e+03,3.9038003585e+03,3.9057016955e+03,3.9075092129e+03,3.9093865300e+03,3.9112801939e+03,3.9131489844e+03,3.9148752535e+03,3.9164456746e+03,3.9178647528e+03,3.9191675039e+03,3.9203238580e+03,3.9214551851e+03,3.9226615768e+03,3.9237336417e+03,3.9246990246e+03,3.9255908416e+03,3.9263958009e+03,3.9271421027e+03,3.9278402477e+03,3.9285187207e+03,3.9291166150e+03,3.9297759178e+03,3.9304299778e+03,3.9310712571e+03,3.9316305571e+03,3.9321443187e+03,3.9326193108e+03,3.9331025015e+03,3.9335691855e+03,3.9340123271e+03,3.9344598448e+03,3.9349203746e+03,3.9353579974e+03,3.9357350638e+03,3.9360913780e+03,3.9364072614e+03,3.9367483075e+03,3.9371005803e+03,3.9374342316e+03,3.9377460068e+03,3.9380696527e+03,3.9383690845e+03,3.9386684393e+03,3.9389587591e+03,3.9392677867e+03,3.9395719038e+03,3.9398498798e+03,3.9401101369e+03,3.9403802211e+03,3.9406143657e+03,3.9408338686e+03,3.9410572773e+03,3.9412779409e+03,3.9415179749e+03,3.9417230575e+03,3.9419199994e+03,3.9421273535e+03,3.9423111161e+03,3.9424791386e+03,3.9426408635e+03,3.9427970479e+03,3.9429301888e+03,3.9430492666e+03,3.9431752285e+03,3.9433019661e+03,3.9434302094e+03,3.9435521264e+03,3.9436712176e+03,3.9437872622e+03,3.9439027960e+03,3.9440140060e+03,3.9441313840e+03,3.9442450320e+03,3.9443431597e+03,3.9444354435e+03,3.9445246128e+03,3.9446161066e+03,3.9447052525e+03,3.9447911866e+03,3.9448773390e+03,3.9449560543e+03,3.9450320846e+03,3.9451055496e+03,3.9451722174e+03,3.9452380161e+03,3.9453026069e+03,3.9453630733e+03,3.9454216450e+03,3.9454766889e+03,3.9455300831e+03,3.9455822872e+03,3.9456316326e+03,3.9456777452e+03,3.9457232046e+03,3.9457683382e+03,3.9458108796e+03,3.9458511267e+03,3.9458924275e+03,3.9459368775e+03,3.9459781646e+03,3.9460221267e+03,3.9460670163e+03,3.9461117574e+03,3.9461549094e+03,3.9462003679e+03,3.9462464825e+03,3.9462988538e+03,3.9463460777e+03,3.9463941329e+03,3.9464422769e+03,3.9464909842e+03,3.9465397433e+03,3.9465906819e+03,3.9466398622e+03,3.9466922328e+03,3.9467427851e+03,3.9467887285e+03,3.9468317506e+03,3.9468786032e+03,3.9469259909e+03,3.9469742621e+03,3.9470234776e+03,3.9470700937e+03,3.9471127531e+03,3.9471548517e+03,3.9471977621e+03,3.9472428214e+03,3.9472859367e+03,3.9473272040e+03,3.9473661548e+03,3.9474082099e+03,3.9474483066e+03,3.9474907900e+03,3.9475330909e+03,3.9475742032e+03,3.9476172854e+03,3.9476561782e+03,3.9476921198e+03,3.9477248009e+03,3.9477607041e+03,3.9477959929e+03,3.9478306228e+03,3.9478639715e+03,3.9478970667e+03,3.9479271464e+03,3.9479581815e+03,3.9479897082e+03,3.9480189978e+03,3.9480490141e+03,3.9480790525e+03,3.9481047447e+03,3.9481306975e+03,3.9481589713e+03,3.9481852275e+03,3.9482115987e+03,3.9482387806e+03,3.9482639488e+03,3.9482882778e+03,3.9483128453e+03,3.9483365999e+03,3.9483601756e+03,3.9483838537e+03,3.9484084987e+03,3.9484329529e+03,3.9484580803e+03,3.9484837214e+03,3.9485106029e+03,3.9485366056e+03,3.9485611447e+03
-0.4084745763,4.1664272734e+03,1.2785818173e+02,3.0990174935e+02,5.1220702055e+02,6.9066685517e+02,8.3956296954e+02,9.8038487309e+02,1.1053116240e+03,1.2223621694e+03,1.3353472654e+03,1.4357975654e+03,1.5327080857e+03,1.6304542246e+03,1.7177815806e+03,1.8009490191e+03,1.8833758957e+03,1.9744489228e+03,2.0605130012e+03,2.1427349294e+03,2.2328586197e+03,2.3320616867e+03,2.4278322525e+03,2.5276654522e+03,2.6188002423e+03,2.7019806775e+03,2.7858479739e+03,2.8676757519e+03,2.9417544988e+03,3.0118912052e+03,3.0732248974e+03,3.1316320620e+03,3.1785648390e+03,3.2190634176e+03,3.2617373952e+03,3.3012564631e+03,3.3356878395e+03,3.3665521860e+03,3.3958635509e+03,3.4245306461e+03,3.4515946406e+03,3.4749541322e+03,3.4950175872e+03,3.5144098509e+03,3.5346510318e+03,3.5533321316e+03,3.5698046767e+03,3.5837970526e+03,3.5964721256e+03,3.6118797288e+03,3.6282747609e+03,3.6428980537e+03,3.6579524032e+03,3.6731831423e+03,3.6890748172e+03,3.7043154497e+03,3.7186064373e+03,3.7333653114e+03,3.7471269497e+03,3.7596401874e+03,3.7715114641e+03,3.7828612809e+03,3.7935823531e+03,3.8017769246e+03,3.8102789115e+03,3.8187757684e+03,3.8266277009e+03,3.8327645653e+03,3.8382948268e+03,3.8429095842e+03,3.8475209086e+03,3.8518889550e+03,3.8558657061e+03,3.8594254451e+03,3.8625488843e+03,3.8653804838e+03,3.8681094948e+03,3.8705810837e+03,3.8728223451e+03,3.8747874056e+03,3.8766896969e+03,3.8784894396e+03,3.8801247243e+03,3.8815063819e+03,3.8828777284e+03,3.8842896116e+03,3.8857036945e+03,3.8870405304e+03,3.8882744253e+03,3.8893905481e+03,3.8903978574e+03,3.8913286017e+03,3.8921362931e+03,3.8929368331e+03,3.8937915564e+03,3.8945224838e+03,3.8951844914e+03,3.8958024371e+03,3.8963628571e+03,3.8968859855e+03,3.8973795080e+03,3.8978517478e+03,3.8982834250e+03,3.8987669789e+03,3.8992419138e+03,3.8996936694e+03,3.9000903521e+03,3.9004501080e+03,3.9008045941e+03,3.9011411584e+03,3.9014604422e+03,3.9017724177e+03,3.9020987779e+03,3.9024274684e+03,3.9027276091e+03,3.9029958145e+03,3.9032609843e+03,3.9034912815e+03,3.9037349014e+03,3.9039868910e+03,3.9042384721e+03,3.9044761920e+03,3.9047099450e+03,3.9049237057e+03,3.9051419643e+03,3.9053540347e+03,3.9055774390e+03,3.9057863669e+03,3.9059777665e+03,3.9061715056e+03,3.9063700008e+03,3.9065491408e+03,3.9067170104e+03,3.9068930106e+03,3.9070440564e+03,3.9071954218e+03,3.9073414503e+03,3.9074877650e+03,3.9076332639e+03,3.9077687058e+03,3.9078879552e+03,3.9079893921e+03,3.9080914504e+03,3.9081918971e+03,3.9082847626e+03,3.9083790544e+03,3.9084687831e+03,3.9085572929e+03,3.9086474344e+03,3.9087417502e+03,3.9088356154e+03,3.9089292926e+03,3.9090169529e+03,3.9091031287e+03,3.9091868566e+03,3.9092623948e+03,3.9093341014e+03,3.9094080402e+03,3.9094871460e+03,3.9095623752e+03,3.9096357744e+03,3.9097100354e+03,3.9097785523e+03,3.9098456668e+03,3.9099103663e+03,3.9099747185e+03,3.9100380442e+03,3.9101005281e+03,3.9101640599e+03,3.9102240924e+03,3.9102815717e+03,3.9103395249e+03,3.9103995911e+03,3.9104572183e+03,3.9105138099e+03,3.9105703279e+03,3.9106287206e+03,3.9106864907e+03,3.9107412542e+03,3.9108024122e+03,3.9108692058e+03,3.9109346311e+03,3.9110033702e+03,3.9110728039e+03,3.9111415009e+03,3.9112131742e+03,3.9112907200e+03,3.9113663401e+03,3.9114490429e+03,3.9115265654e+03,3.9116022077e+03,3.9116792705e+03,3.9117503945e+03,3.9118183363e+03,3.9118927801e+03,3.9119652749e+03,3.9120442331e+03,3.9121157200e+03,3.9121743734e+03,3.9122362114e+03,3.9123045277e+03,3.9123712365e+03,3.9124365486e+03,3.9124976313e+03,3.9125574353e+03,3.9126146051e+03,3.9126687828e+03,3.9127208650e+03,3.9127742036e+03,3.9128216302e+03,3.9128673697e+03,3.9129135914e+03,3.9129606776e+03,3.9130058950e+03,3.9130494275e+03,3.9130914186e+03,3.9131335345e+03,3.9131764627e+03,3.9132190262e+03,3.9132601512e+03,3.9132983464e+03,3.9133371417e+03,3.9133726656e+03,3.9134062904e+03,3.9134389750e+03,3.9134710656e+03,3.9135021539e+03,3.9135338873e+03,3.9135652292e+03,3.9135937442e+03,3.9136230166e+03,3.9136520479e+03,3.9136796478e+03,3.9137074066e+03,3.9137352262e+03,3.9137617713e+03,3.9137890302e+03,3.9138157445e+03,3.9138415775e+03,3.9138680835e+03,3.9138936388e+03,3.9139188193e+03,3.9139431685e+03,3.9139665116e+03,3.9139912692e+03,3.9140169864e+03,3.9140444643e+03,3.9140719710e+03,3.9140999146e+03,3.9141274340e+03,3.9141545585e+03
-0.4000000000,4.3681794858e+03,1.3327780092e+02,3.2176740985e+02,5.3052362221e+02,7.1420367984e+02,8.6737046699e+02,1.0128631894e+03,1.1420235057e+03,1.2635745396e+03,1.3802272250e+03,1.4833112303e+03,1.5829181878e+03,1.6838298250e+03,1.7728603522e+03,1.8576342853e+03,1.9414227454e+03,2.0356459599e+03,2.1254777930e+03,2.2103723195e+03,2.3031136494e+03,2.4055002871e+03,2.5043755778e+03,2.6065300793e+03,2.6977689330e+03,2.7804327391e+03,2.8627412238e+03,2.9416148357e+03,3.0118557306e+03,3.0781558675e+03,3.1355170112e+03,3.1893107018e+03,3.2321015791e+03,3.2690233834e+03,3.3077139592e+03,3.3433926863e+03,3.3744034669e+03,3.4017830904e+03,3.4277467466e+03,3.4527032946e+03,3.4760104446e+03,3.4956387287e+03,3.5127045314e+03,3.5292833458e+03,3.5465617832e+03,3.5621284226e+03,3.5758493850e+03,3.5874518741e+03,3.5980065104e+03,3.6109346664e+03,3.6245276129e+03,3.6366453968e+03,3.6490891697e+03,3.6615490138e+03,3.6744506713e+03,3.6865457641e+03,3.6980525728e+03,3.7096449110e+03,3.7202969921e+03,3.7297879512e+03,3.7385492950e+03,3.7469926931e+03,3.7550206003e+03,3.7610356263e+03,3.7669436096e+03,3.7728691668e+03,3.7784074609e+03,3.7826930478e+03,3.7866163855e+03,3.7898413221e+03,3.7929662105e+03,3.7960068010e+03,3.7987459909e+03,3.8011764693e+03,3.8032865834e+03,3.8052284140e+03,3.8070919177e+03,3.8087955855e+03,3.8103909748e+03,3.8117569264e+03,3.8130700965e+03,3.8143177060e+03,3.8154214775e+03,3.8164232647e+03,3.8174082889e+03,3.8184251724e+03,3.8194281153e+03,3.8203282068e+03,3.8211615648e+03,3.8218764468e+03,3.8225275132e+03,3.8231469760e+03,3.8237601800e+03,3.8243628727e+03,3.8249396152e+03,3.8254357811e+03,3.8258931451e+03,3.8263194157e+03,3.8267071070e+03,3.8270706140e+03,3.8274204703e+03,3.8277445606e+03,3.8280643707e+03,3.8284123310e+03,3.8287476451e+03,3.8290582252e+03,3.8293435950e+03,3.8296026284e+03,3.8298667518e+03,3.8301070642e+03,3.8303363150e+03,3.8305535891e+03,3.8307896395e+03,3.8310230107e+03,3.8312303382e+03,3.8314328997e+03,3.8316350206e+03,3.8318223744e+03,3.8320054829e+03,3.8321856602e+03,3.8323744798e+03,3.8325558284e+03,3.8327286804e+03,3.8328985714e+03,3.8330661244e+03,3.8332258974e+03,3.8333911442e+03,3.8335458749e+03,3.8337115500e+03,3.8338654910e+03,3.8340190471e+03,3.8341559804e+03,3.8342798505e+03,3.8344015490e+03,3.8345255403e+03,3.8346559327e+03,3.8347758047e+03,3.8348944191e+03,3.8350022631e+03,3.8351028845e+03,3.8351976265e+03,3.8352796487e+03,3.8353598624e+03,3.8354380079e+03,3.8355147499e+03,3.8355955762e+03,3.8356694425e+03,3.8357421014e+03,3.8358195086e+03,3.8359034724e+03,3.8359857847e+03,3.8360684875e+03,3.8361479679e+03,3.8362302040e+03,3.8363149334e+03,3.8363908022e+03,3.8364624899e+03,3.8365332654e+03,3.8366070177e+03,3.8366822768e+03,3.8367617783e+03,3.8368365842e+03,3.8369094061e+03,3.8369842958e+03,3.8370579340e+03,3.8371243709e+03,3.8371951025e+03,3.8372689469e+03,3.8373439836e+03,3.8374141151e+03,3.8374827271e+03,3.8375504980e+03,3.8376251254e+03,3.8376945638e+03,3.8377634046e+03,3.8378304246e+03,3.8379085476e+03,3.8379843642e+03,3.8380630873e+03,3.8381486195e+03,3.8382368610e+03,3.8383233784e+03,3.8384091792e+03,3.8384943899e+03,3.8385775495e+03,3.8386595575e+03,3.8387491561e+03,3.8388358554e+03,3.8389172332e+03,3.8389883615e+03,3.8390670803e+03,3.8391447962e+03,3.8392152559e+03,3.8392781912e+03,3.8393415020e+03,3.8394074426e+03,3.8394760374e+03,3.8395394599e+03,3.8395944344e+03,3.8396534688e+03,3.8397152200e+03,3.8397733610e+03,3.8398268284e+03,3.8398740527e+03,3.8399221613e+03,3.8399681210e+03,3.8400146080e+03,3.8400595937e+03,3.8401065682e+03,3.8401503926e+03,3.8401919458e+03,3.8402344178e+03,3.8402770549e+03,3.8403187530e+03,3.8403584664e+03,3.8403987355e+03,3.8404386448e+03,3.8404796541e+03,3.8405204262e+03,3.8405598351e+03,3.8405975255e+03,3.8406376326e+03,3.8406740110e+03,3.8407110683e+03,3.8407496207e+03,3.8407919237e+03,3.8408323735e+03,3.8408725264e+03,3.8409132024e+03,3.8409509087e+03,3.8409892245e+03,3.8410282333e+03,3.8410664888e+03,3.8411050681e+03,3.8411423345e+03,3.8411808266e+03,3.8412211788e+03,3.8412598267e+03,3.8412980490e+03,3.8413366880e+03,3.8413735546e+03,3.8414146581e+03,3.8414568597e+03,3.8414974606e+03,3.8415389225e+03,3.8415809948e+03,3.8416227070e+03,3.8416657780e+03,3.8417107965e+03,3.8417538717e+03,3.8417949281e+03
